page,line_id,truth,detector_nonchar,outcome,glyph_count,ink_ratio
page_0040_auto,column_1/line_001,character,False,TN,12,1.123815722164941
page_0040_auto,column_1/line_002,character,False,TN,10,1.0870685632273853
page_0040_auto,column_1/line_003,character,False,TN,7,0.8251292013341641
page_0040_auto,column_1/line_004,character,False,TN,14,0.9050944635680609
page_0040_auto,column_1/line_005,character,False,TN,17,0.9149196585228259
page_0040_auto,column_1/line_006,character,False,TN,6,0.4510776644122188
page_0040_auto,column_1/line_007,character,False,TN,14,0.9129721486066334
page_0040_auto,column_1/line_008,character,False,TN,14,0.770848490168892
page_0040_auto,column_1/line_009,character,False,TN,13,1.1068006355287334
page_0040_auto,column_1/line_010,character,False,TN,8,0.5588209613068428
page_0040_auto,column_1/line_011,character,False,TN,15,1.0743079700848912
page_0040_auto,column_1/line_012,character,False,TN,13,1.0390477905496174
page_0040_auto,column_1/line_013,character,False,TN,16,0.8094074301066972
page_0040_auto,column_1/line_014,character,False,TN,12,0.9891444730751742
page_0040_auto,column_1/line_015,character,False,TN,12,0.9067196167704367
page_0040_auto,column_1/line_016,character,False,TN,16,0.6791684581416362
page_0040_auto,column_1/line_017,character,False,TN,15,1.0038811984473874
page_0040_auto,column_1/line_018,character,False,TN,13,0.8568449425322636
page_0040_auto,column_1/line_019,character,False,TN,15,1.1383351439199867
page_0040_auto,column_1/line_020,character,False,TN,8,0.5000448537851188
page_0040_auto,column_1/line_021,character,False,TN,15,1.0683525412107375
page_0040_auto,column_1/line_022,character,False,TN,15,1.031749456287029
page_0040_auto,column_1/line_023,character,False,TN,13,1.0058188537512474
page_0040_auto,column_1/line_024,character,False,TN,17,0.9832875066333708
page_0040_auto,column_1/line_025,character,False,TN,3,0.312878642273539
page_0040_auto,column_1/line_026,character,False,TN,16,0.9188146783552108
page_0040_auto,column_1/line_027,character,False,TN,13,1.0144877741923257
page_0040_auto,column_1/line_028,character,False,TN,12,0.8040261527066919
page_0040_auto,column_1/line_029,character,False,TN,12,1.1550783813459247
page_0040_auto,column_1/line_030,character,False,TN,16,1.0142426642486402
page_0040_auto,column_1/line_031,character,False,TN,9,0.60452360045832
page_0040_auto,column_1/line_032,character,False,TN,16,0.938769118193102
page_0040_auto,column_1/line_033,character,False,TN,11,0.973589148428431
page_0040_auto,column_1/line_034,character,False,TN,14,1.0595494247891264
page_0040_auto,column_1/line_035,character,False,TN,15,0.8999395087185531
page_0040_auto,column_1/line_036,character,False,TN,21,1.100276254482267
page_0040_auto,column_2/line_001,empty,True,TP,0,1.9881684565480333
page_0040_auto,column_2/line_002,character,False,TN,12,1.0562636073745555
page_0040_auto,column_2/line_003,character,False,TN,13,1.0921174357658614
page_0040_auto,column_2/line_004,character,False,TN,17,1.0223079635309196
page_0040_auto,column_2/line_005,character,False,TN,11,0.804899584441551
page_0040_auto,column_2/line_006,character,False,TN,14,1.0278281941032257
page_0040_auto,column_2/line_007,character,False,TN,15,0.976697577245904
page_0040_auto,column_2/line_008,character,False,TN,10,0.8879961881024814
page_0040_auto,column_2/line_009,character,False,TN,15,1.0920006990603588
page_0040_auto,column_2/line_010,character,False,TN,13,0.8943811164461385
page_0040_auto,column_2/line_011,character,False,TN,8,1.161762269545138
page_0040_auto,column_2/line_012,character,False,TN,7,0.517599163252373
page_0040_auto,column_2/line_013,character,False,TN,12,1.0334045673714107
page_0040_auto,column_2/line_014,character,False,TN,14,1.0186558811639885
page_0040_auto,column_2/line_015,character,False,TN,14,1.018936333980867
page_0040_auto,column_2/line_016,character,False,TN,11,1.1034138474507933
page_0040_auto,column_2/line_017,character,False,TN,16,1.124577498344168
page_0040_auto,column_2/line_018,character,False,TN,14,0.9270569262048549
page_0040_auto,column_2/line_019,character,False,TN,14,1.0019426016200563
page_0040_auto,column_2/line_020,character,False,TN,12,0.8522405893780007
page_0040_auto,column_2/line_021,character,False,TN,14,1.0430709360343835
page_0040_auto,column_2/line_022,character,False,TN,16,1.1632527979678378
page_0040_auto,column_2/line_023,character,False,TN,12,1.1976160979364439
page_0040_auto,column_2/line_024,character,False,TN,12,1.019208886718397
page_0040_auto,column_2/line_025,character,False,TN,13,1.0126766840528714
page_0040_auto,column_2/line_026,character,False,TN,4,0.31200197925448075
page_0040_auto,column_2/line_027,character,False,TN,10,0.6939336583220319
page_0040_auto,column_2/line_028,empty,False,FN,1,0.4759078524866744
page_0040_auto,column_2/line_029,character,False,TN,1,0.6348470025008528
page_0040_auto,column_2/line_030,character,False,TN,12,0.7803764310923111
page_0040_auto,column_2/line_031,character,False,TN,27,0.8796552830597549
page_0040_auto,column_2/line_032,character,False,TN,11,1.1039136631084643
page_0040_auto,column_2/line_033,character,False,TN,13,1.1680361556567316
page_0040_auto,column_2/line_034,character,False,TN,11,0.9980573983799435
page_0040_auto,column_2/line_035,character,False,TN,11,0.9843594912582926
page_0040_auto,column_2/line_036,character,False,TN,12,1.0744111924414572
page_0080_auto,column_1/line_001,character,False,TN,28,0.7117471625542743
page_0080_auto,column_1/line_002,character,False,TN,21,0.4890667496709411
page_0080_auto,column_1/line_003,character,False,TN,32,0.7598977566861023
page_0080_auto,column_1/line_004,character,False,TN,36,0.8961888045831873
page_0080_auto,column_1/line_005,character,False,TN,32,0.8351017311706261
page_0080_auto,column_1/line_006,character,False,TN,34,0.8213858393333193
page_0080_auto,column_1/line_007,character,False,TN,37,1.0092409741856623
page_0080_auto,column_1/line_008,character,False,TN,32,0.9179130867243547
page_0080_auto,column_1/line_009,character,True,FP,0,0.4180007156882923
page_0080_auto,column_1/line_010,character,False,TN,26,1.0279203381676054
page_0080_auto,column_1/line_011,character,False,TN,25,1.04652271099747
page_0080_auto,column_1/line_012,character,False,TN,21,0.9996205436076129
page_0080_auto,column_1/line_013,character,False,TN,3,0.2370707186509365
page_0080_auto,column_1/line_014,character,False,TN,21,1.0979691816821058
page_0080_auto,column_1/line_015,character,False,TN,21,1.103959748557662
page_0080_auto,column_1/line_016,character,False,TN,22,1.054113710970488
page_0080_auto,column_1/line_017,character,False,TN,16,1.0496416717114592
page_0080_auto,column_1/line_018,character,False,TN,16,1.0964997973541393
page_0080_auto,column_1/line_019,character,False,TN,5,0.35238686495375154
page_0080_auto,column_1/line_020,character,False,TN,20,1.0322646048763762
page_0080_auto,column_1/line_021,character,False,TN,13,1.0577732478586455
page_0080_auto,column_1/line_022,character,False,TN,7,0.47766293615282884
page_0080_auto,column_1/line_023,character,False,TN,3,0.31332757008528644
page_0080_auto,column_1/line_024,character,False,TN,2,0.6581734560911284
page_0080_auto,column_1/line_025,character,False,TN,14,0.7958996215068643
page_0080_auto,column_1/line_026,character,False,TN,7,0.42975399143302717
page_0080_auto,column_1/line_027,character,False,TN,23,0.9939624471135767
page_0080_auto,column_1/line_028,character,False,TN,20,1.125833426296054
page_0080_auto,column_1/line_029,character,False,TN,20,0.9089289489801674
page_0080_auto,column_1/line_030,character,False,TN,22,1.0296959511966781
page_0080_auto,column_1/line_031,character,False,TN,18,0.9519513664911525
page_0080_auto,column_1/line_032,character,False,TN,15,0.8946289966042689
page_0080_auto,column_1/line_033,character,False,TN,22,0.9301202796028464
page_0080_auto,column_1/line_034,character,False,TN,16,1.069033613377533
page_0080_auto,column_1/line_035,character,False,TN,15,1.2397868838107333
page_0080_auto,column_1/line_036,empty,True,TP,0,1.8878023835823439
page_0080_auto,column_2/line_001,empty,False,FN,2,0.8646001467396993
page_0080_auto,column_2/line_002,character,False,TN,30,0.9849359673480756
page_0080_auto,column_2/line_003,character,False,TN,27,0.8940882800207046
page_0080_auto,column_2/line_004,character,False,TN,16,0.554139384828526
page_0080_auto,column_2/line_005,character,False,TN,14,0.9596846613576603
page_0080_auto,column_2/line_006,character,False,TN,21,0.9608417150137168
page_0080_auto,column_2/line_007,character,False,TN,21,1.2227438549401646
page_0080_auto,column_2/line_008,character,False,TN,15,0.7165939544909278
page_0080_auto,column_2/line_009,character,False,TN,16,1.1567978863010244
page_0080_auto,column_2/line_010,character,False,TN,11,1.0621302450193102
page_0080_auto,column_2/line_011,character,False,TN,5,0.2983845153496069
page_0080_auto,column_2/line_012,character,False,TN,12,1.1765038074464857
page_0080_auto,column_2/line_013,character,False,TN,16,1.1029854477595962
page_0080_auto,column_2/line_014,character,False,TN,9,0.8410382008768228
page_0080_auto,column_2/line_015,character,False,TN,13,1.1416922463334016
page_0080_auto,column_2/line_016,character,False,TN,11,1.132986940010597
page_0080_auto,column_2/line_017,character,False,TN,15,1.190314016823484
page_0080_auto,column_2/line_018,character,False,TN,3,0.3632996236115529
page_0080_auto,column_2/line_019,character,False,TN,12,1.1866913515745263
page_0080_auto,column_2/line_020,character,False,TN,13,1.0258961963164857
page_0080_auto,column_2/line_021,character,False,TN,10,1.0619682045530614
page_0080_auto,column_2/line_022,character,False,TN,11,1.1908578920816792
page_0080_auto,column_2/line_023,character,False,TN,14,0.9676066397075945
page_0080_auto,column_2/line_024,character,False,TN,4,0.546661517386088
page_0080_auto,column_2/line_025,character,False,TN,10,1.119845246380228
page_0080_auto,column_2/line_026,character,False,TN,9,1.0989269342299421
page_0080_auto,column_2/line_027,character,False,TN,4,0.38289114151641185
page_0080_auto,column_2/line_028,character,False,TN,11,1.0927153830237437
page_0080_auto,column_2/line_029,character,False,TN,8,1.1897016103665348
page_0080_auto,column_2/line_030,character,False,TN,17,1.093323034772176
page_0080_auto,column_2/line_031,character,False,TN,14,1.1328128965468485
page_0080_auto,column_2/line_032,character,False,TN,7,0.9955837734758366
page_0080_auto,column_2/line_033,character,False,TN,9,1.000379456392387
page_0080_auto,column_2/line_034,character,False,TN,6,0.5269922671631355
page_0080_auto,column_2/line_035,character,False,TN,17,1.0191745177165414
page_0080_auto,column_2/line_036,character,False,TN,12,0.9613050660201468
page_0080_auto,column_2/line_037,character,False,TN,14,1.2086186657021476
page_0080_auto,column_2/line_038,empty,True,TP,0,2.21525915256892
page_0120_auto,column_1/line_001,character,False,TN,34,0.9548171323767396
page_0120_auto,column_1/line_002,character,False,TN,28,0.6167493796526055
page_0120_auto,column_1/line_003,character,False,TN,48,1.084302513755529
page_0120_auto,column_1/line_004,character,False,TN,37,0.9543280468946669
page_0120_auto,column_1/line_005,character,False,TN,32,0.8969827741216241
page_0120_auto,column_1/line_006,character,False,TN,41,1.0932789790854307
page_0120_auto,column_1/line_007,character,False,TN,34,0.8278994497788326
page_0120_auto,column_1/line_008,character,False,TN,36,0.9030911024459412
page_0120_auto,column_1/line_009,character,False,TN,31,0.9235732009925558
page_0120_auto,column_1/line_010,character,False,TN,12,0.3700909842845327
page_0120_auto,column_1/line_011,character,False,TN,8,0.2914974426495164
page_0120_auto,column_1/line_012,character,False,TN,4,0.6368164690745336
page_0120_auto,column_1/line_013,character,False,TN,18,0.7563523573200992
page_0120_auto,column_1/line_014,character,False,TN,37,1.0157175613280145
page_0120_auto,column_1/line_015,character,False,TN,38,1.013629661596001
page_0120_auto,column_1/line_016,character,False,TN,12,0.306996037183808
page_0120_auto,column_1/line_017,character,False,TN,30,0.965332470241306
page_0120_auto,column_1/line_018,character,False,TN,34,0.9411227388786996
page_0120_auto,column_1/line_019,character,False,TN,27,0.6734707088143272
page_0120_auto,column_1/line_020,character,False,TN,31,0.9118693134822167
page_0120_auto,column_1/line_021,character,False,TN,35,1.0288050885960927
page_0120_auto,column_1/line_022,character,False,TN,17,0.5390818858560794
page_0120_auto,column_1/line_023,character,False,TN,34,1.0851584133491567
page_0120_auto,column_1/line_024,character,False,TN,32,1.0213189808828156
page_0120_auto,column_1/line_025,character,False,TN,30,1.055334987593052
page_0120_auto,column_1/line_026,character,False,TN,14,0.6278634876110332
page_0120_auto,column_1/line_027,character,False,TN,34,1.0198794753633464
page_0120_auto,column_1/line_028,character,False,TN,27,1.0
page_0120_auto,column_1/line_029,character,False,TN,27,1.042679900744417
page_0120_auto,column_1/line_030,character,False,TN,37,1.153349875930521
page_0120_auto,column_1/line_031,character,False,TN,37,1.1324774337397057
page_0120_auto,column_1/line_032,character,False,TN,35,1.0099964551577454
page_0120_auto,column_1/line_033,character,False,TN,27,0.821091811414392
page_0120_auto,column_1/line_034,character,False,TN,27,0.7066062502247635
page_0120_auto,column_1/line_035,character,False,TN,33,1.153225806451613
page_0120_auto,column_2/line_001,character,False,TN,28,1.1911435028010364
page_0120_auto,column_2/line_002,character,False,TN,31,0.8841712060459871
page_0120_auto,column_2/line_003,character,False,TN,22,1.1139875242077664
page_0120_auto,column_2/line_004,character,False,TN,37,1.2239378622078338
page_0120_auto,column_2/line_005,character,False,TN,31,0.9673745053737846
page_0120_auto,column_2/line_006,character,False,TN,15,0.4978160119101147
page_0120_auto,column_2/line_007,character,False,TN,29,1.0899510380941733
page_0120_auto,column_2/line_008,character,False,TN,32,1.0770151316444947
page_0120_auto,column_2/line_009,character,False,TN,34,1.0687822333703496
page_0120_auto,column_2/line_010,character,False,TN,25,1.0906099309461308
page_0120_auto,column_2/line_011,character,False,TN,25,0.998520295611622
page_0120_auto,column_2/line_012,character,False,TN,13,0.5097923058650957
page_0120_auto,column_2/line_013,character,False,TN,34,1.1832517634150923
page_0120_auto,column_2/line_014,character,False,TN,25,0.9676290776120408
page_0120_auto,column_2/line_015,character,False,TN,29,0.7757652008510251
page_0120_auto,column_2/line_016,character,False,TN,32,0.9859919721509666
page_0120_auto,column_2/line_017,character,False,TN,30,1.0067864059361782
page_0120_auto,column_2/line_018,character,False,TN,28,1.1066255196999584
page_0120_auto,column_2/line_019,character,False,TN,11,0.4927511642445089
page_0120_auto,column_2/line_020,character,False,TN,20,1.161231264805926
page_0120_auto,column_2/line_021,character,False,TN,22,1.008869780209555
page_0120_auto,column_2/line_022,character,False,TN,21,0.7488926313724072
page_0120_auto,column_2/line_023,character,False,TN,27,1.1863256282023955
page_0120_auto,column_2/line_024,character,False,TN,28,1.2288311043017452
page_0120_auto,column_2/line_025,character,False,TN,24,1.172108612427302
page_0120_auto,column_2/line_026,character,False,TN,8,0.4924889928349613
page_0120_auto,column_2/line_027,character,False,TN,17,1.2288417072098576
page_0120_auto,column_2/line_028,character,False,TN,30,0.991831367868798
page_0120_auto,column_2/line_029,character,False,TN,27,1.24193066433316
page_0120_auto,column_2/line_030,character,False,TN,22,1.124846432663509
page_0120_auto,column_2/line_031,character,False,TN,19,0.9731802722402856
page_0120_auto,column_2/line_032,character,False,TN,30,1.236041809468791
page_0120_auto,column_2/line_033,character,False,TN,20,0.9109867546000232
page_0120_auto,column_2/line_034,character,False,TN,27,1.1940210037564083
page_0120_auto,column_2/line_035,character,False,TN,38,1.2420052176315066
page_0120_auto,column_2/line_036,character,False,TN,15,0.8368145123874918
page_0160_auto,column_1/line_001,empty,False,FN,10,1.4928427946224088
page_0160_auto,column_1/line_002,character,False,TN,25,1.0363161265594216
page_0160_auto,column_1/line_003,character,False,TN,10,0.41692693906078526
page_0160_auto,column_1/line_004,character,False,TN,25,1.0499042834477972
page_0160_auto,column_1/line_005,character,False,TN,30,0.8423354993017236
page_0160_auto,column_1/line_006,character,False,TN,24,1.146719107205659
page_0160_auto,column_1/line_007,character,False,TN,22,1.1454962366114503
page_0160_auto,column_1/line_008,character,False,TN,8,0.5974278702979361
page_0160_auto,column_1/line_009,character,False,TN,22,1.2456604552825408
page_0160_auto,column_1/line_010,character,False,TN,20,1.2805742048190123
page_0160_auto,column_1/line_011,character,False,TN,27,1.1163109211442135
page_0160_auto,column_1/line_012,character,False,TN,19,1.1458297467735072
page_0160_auto,column_1/line_013,character,False,TN,22,1.0380694371256636
page_0160_auto,column_1/line_014,character,False,TN,12,0.7581617850182731
page_0160_auto,column_1/line_015,character,False,TN,16,1.1267212026312754
page_0160_auto,column_1/line_016,character,False,TN,13,1.1375698117598978
page_0160_auto,column_1/line_017,character,False,TN,7,0.5761943899803132
page_0160_auto,column_1/line_018,character,False,TN,19,1.2356363611159291
page_0160_auto,column_1/line_019,character,False,TN,16,0.862731934506733
page_0160_auto,column_1/line_020,character,False,TN,20,1.0149825931931815
page_0160_auto,column_1/line_021,empty,True,TP,0,0.12313546246469421
page_0160_auto,column_1/line_022,character,False,TN,10,0.4521036531524055
page_0160_auto,column_1/line_023,character,False,TN,27,1.1129234107838928
page_0160_auto,column_1/line_024,character,False,TN,25,1.1157026621343669
page_0160_auto,column_1/line_025,character,False,TN,20,0.9284875267355376
page_0160_auto,column_1/line_026,character,False,TN,25,0.9582776913748297
page_0160_auto,column_1/line_027,character,False,TN,21,1.1895039202488746
page_0160_auto,column_1/line_028,character,False,TN,6,0.328238710390961
page_0160_auto,column_1/line_029,character,False,TN,3,0.3362066271969398
page_0160_auto,column_1/line_030,character,False,TN,5,0.769891193283771
page_0160_auto,column_1/line_031,character,False,TN,11,0.7395645345363951
page_0160_auto,column_1/line_032,character,False,TN,20,0.9787467844464923
page_0160_auto,column_1/line_033,character,False,TN,19,0.9756283940704666
page_0160_auto,column_1/line_034,character,False,TN,6,0.5355061502093708
page_0160_auto,column_1/line_035,character,False,TN,32,1.0663447930036805
page_0160_auto,column_1/line_036,character,False,TN,17,1.022914903518182
page_0160_auto,column_2/line_001,character,False,TN,35,0.9706816280661434
page_0160_auto,column_2/line_002,character,False,TN,8,0.3277057869007177
page_0160_auto,column_2/line_003,character,False,TN,31,1.029982435883259
page_0160_auto,column_2/line_004,character,False,TN,36,0.9084994381025611
page_0160_auto,column_2/line_005,character,False,TN,32,1.0129532146448217
page_0160_auto,column_2/line_006,character,False,TN,31,1.0273515606447565
page_0160_auto,column_2/line_007,character,False,TN,31,1.0326637710304367
page_0160_auto,column_2/line_008,character,False,TN,24,0.6331952940096348
page_0160_auto,column_2/line_009,character,False,TN,38,0.9213387725123128
page_0160_auto,column_2/line_010,character,False,TN,40,1.01945939551665
page_0160_auto,column_2/line_011,character,False,TN,35,1.047850002957355
page_0160_auto,column_2/line_012,character,False,TN,28,0.8033200061089243
page_0160_auto,column_2/line_013,character,False,TN,3,0.3326304952850171
page_0160_auto,column_2/line_014,character,False,TN,3,0.7689726904001741
page_0160_auto,column_2/line_015,character,False,TN,12,0.6668057142323485
page_0160_auto,column_2/line_016,character,False,TN,32,0.8645778506842721
page_0160_auto,column_2/line_017,character,False,TN,31,1.042763352457562
page_0160_auto,column_2/line_018,character,False,TN,14,0.3885498386001136
page_0160_auto,column_2/line_019,character,False,TN,36,1.1038031584550778
page_0160_auto,column_2/line_020,character,False,TN,37,1.0467853551783286
page_0160_auto,column_2/line_021,character,False,TN,23,0.7360264979002781
page_0160_auto,column_2/line_022,character,False,TN,35,1.1556160170343646
page_0160_auto,column_2/line_023,character,False,TN,29,1.0207606316910156
page_0160_auto,column_2/line_024,character,False,TN,31,1.1273099054491378
page_0160_auto,column_2/line_025,character,False,TN,4,0.2570425375180802
page_0160_auto,column_2/line_026,character,False,TN,35,1.064690153067395
page_0160_auto,column_2/line_027,character,False,TN,34,1.1066919370503427
page_0160_auto,column_2/line_028,character,False,TN,24,0.6900416001261805
page_0160_auto,column_2/line_029,character,False,TN,21,0.8752810558700066
page_0160_auto,column_2/line_030,character,False,TN,40,0.9870467853551783
page_0160_auto,column_2/line_031,character,False,TN,32,1.1849900553422632
page_0160_auto,column_2/line_032,character,False,TN,25,0.9665630306630562
page_0160_auto,column_2/line_033,character,False,TN,8,0.2799313893653516
page_0160_auto,column_2/line_034,character,False,TN,38,1.0563671851895666
page_0160_auto,column_2/line_035,character,False,TN,21,0.6560596202756255
page_0160_auto,column_2/line_036,empty,False,FN,9,1.1710731255298594
page_0200_auto,column_1/line_001,character,False,TN,11,1.2640911365857146
page_0200_auto,column_1/line_002,character,False,TN,15,1.2463799695621236
page_0200_auto,column_1/line_003,character,False,TN,4,0.6810167689576885
page_0200_auto,column_1/line_004,character,False,TN,13,1.2258066967374293
page_0200_auto,column_1/line_005,character,False,TN,13,1.0922809049966307
page_0200_auto,column_1/line_006,character,False,TN,15,1.0287475247576048
page_0200_auto,column_1/line_007,character,False,TN,8,0.5405621982259424
page_0200_auto,column_1/line_008,character,False,TN,11,1.091341409540231
page_0200_auto,column_1/line_009,character,False,TN,13,1.1388396155430642
page_0200_auto,column_1/line_010,character,False,TN,14,0.9996663409518817
page_0200_auto,column_1/line_011,character,False,TN,11,1.1364665506804261
page_0200_auto,column_1/line_012,character,False,TN,8,1.0914940775518958
page_0200_auto,column_1/line_013,character,False,TN,6,1.0505907941188966
page_0200_auto,column_1/line_014,character,False,TN,16,1.0464637247925697
page_0200_auto,column_1/line_015,character,False,TN,12,1.1709049310040753
page_0200_auto,column_1/line_016,character,False,TN,12,1.1083697646874744
page_0200_auto,column_1/line_017,character,False,TN,15,1.0027939627745648
page_0200_auto,column_1/line_018,character,False,TN,15,1.0928680896568803
page_0200_auto,column_1/line_019,character,False,TN,13,1.4001082689564304
page_0200_auto,column_1/line_020,character,False,TN,20,0.9706771366169031
page_0200_auto,column_1/line_021,character,False,TN,39,0.9683738887962058
page_0200_auto,column_1/line_022,empty,False,FN,1,0.686915458287512
page_0200_auto,column_1/line_023,character,False,TN,43,0.846053343473533
page_0200_auto,column_1/line_024,character,False,TN,37,1.191367944777919
page_0200_auto,column_1/line_025,character,False,TN,36,0.9366121772403438
page_0200_auto,column_1/line_026,character,False,TN,16,1.2889793778280159
page_0200_auto,column_1/line_027,character,False,TN,34,0.9707571677113374
page_0200_auto,column_1/line_028,empty,False,FN,1,0.08964107819538121
page_0200_auto,column_1/line_029,empty,False,FN,1,0.09278104816606687
page_0200_auto,column_1/line_030,character,False,TN,7,0.3626609044278674
page_0200_auto,column_1/line_031,character,False,TN,28,1.1359456340032617
page_0200_auto,column_1/line_032,character,False,TN,29,1.295230377953989
page_0200_auto,column_1/line_033,character,False,TN,34,1.1416044164576116
page_0200_auto,column_1/line_034,character,False,TN,6,0.4225553516528039
page_0200_auto,column_1/line_035,character,False,TN,28,1.1395765618281293
page_0200_auto,column_2/line_001,character,False,TN,14,0.9820941437013517
page_0200_auto,column_2/line_002,character,False,TN,2,0.276654064848465
page_0200_auto,column_2/line_003,character,False,TN,15,1.213302121456408
page_0200_auto,column_2/line_004,character,False,TN,7,1.123169822326356
page_0200_auto,column_2/line_005,character,False,TN,10,0.686668762699023
page_0200_auto,column_2/line_006,character,False,TN,11,1.333778212064158
page_0200_auto,column_2/line_007,character,False,TN,14,0.9453873140992959
page_0200_auto,column_2/line_008,character,False,TN,12,1.1368132900500323
page_0200_auto,column_2/line_009,character,False,TN,8,0.44425558411607824
page_0200_auto,column_2/line_010,character,False,TN,20,0.9737935259387513
page_0200_auto,column_2/line_011,character,False,TN,27,1.1659481463434602
page_0200_auto,column_2/line_012,character,False,TN,14,0.6723628880241344
page_0200_auto,column_2/line_013,character,False,TN,31,1.026680356708674
page_0200_auto,column_2/line_014,character,False,TN,35,0.8359568868607685
page_0200_auto,column_2/line_015,character,False,TN,39,0.9081004324819856
page_0200_auto,column_2/line_016,character,False,TN,37,0.7003997297155845
page_0200_auto,column_2/line_017,character,False,TN,30,1.1427247101675393
page_0200_auto,column_2/line_018,character,False,TN,26,1.023486453593086
page_0200_auto,column_2/line_019,character,False,TN,14,0.5646192903109478
page_0200_auto,column_2/line_020,character,False,TN,23,0.8704453738616379
page_0200_auto,column_2/line_021,character,False,TN,26,0.976842011332214
page_0200_auto,column_2/line_022,character,False,TN,14,0.8678324362621695
page_0200_auto,column_2/line_023,character,False,TN,28,1.1109721563311998
page_0200_auto,column_2/line_024,character,False,TN,27,0.8873228683371419
page_0200_auto,column_2/line_025,character,False,TN,22,0.9704233503058158
page_0200_auto,column_2/line_026,character,False,TN,8,0.41017962370317385
page_0200_auto,column_2/line_027,character,False,TN,25,1.0003336590481184
page_0200_auto,column_2/line_028,character,False,TN,24,1.077429366284048
page_0200_auto,column_2/line_029,character,False,TN,36,1.079227516890134
page_0200_auto,column_2/line_030,character,False,TN,21,0.6653844968029194
page_0200_auto,column_2/line_031,character,False,TN,35,0.9501508077138108
page_0200_auto,column_2/line_032,character,False,TN,33,1.0955232567577866
page_0200_auto,column_2/line_033,character,False,TN,25,0.873564041319068
page_0200_auto,column_2/line_034,empty,True,TP,0,0.08374886447844712
page_0200_auto,column_2/line_035,character,False,TN,7,0.2796686114527854
page_0200_auto,column_2/line_036,character,False,TN,30,0.9844874568319871
page_0200_auto,column_2/line_037,empty,False,FN,10,1.133950081008034
page_0240_auto,column_1/line_001,character,False,TN,37,0.9705152919824904
page_0240_auto,column_1/line_002,character,False,TN,39,1.0846696552406456
page_0240_auto,column_1/line_003,character,False,TN,22,0.5884703292068656
page_0240_auto,column_1/line_004,character,False,TN,19,1.1942465621337093
page_0240_auto,column_1/line_005,character,False,TN,15,1.1538073773928705
page_0240_auto,column_1/line_006,character,False,TN,18,1.2080815745771774
page_0240_auto,column_1/line_007,character,False,TN,29,0.7230438071611405
page_0240_auto,column_1/line_008,character,False,TN,21,1.117591567690619
page_0240_auto,column_1/line_009,character,False,TN,15,1.103412040785746
page_0240_auto,column_1/line_010,character,False,TN,35,1.1072059312364488
page_0240_auto,column_1/line_011,character,False,TN,24,0.6591486294462069
page_0240_auto,column_1/line_012,character,False,TN,27,1.0706706215366448
page_0240_auto,column_1/line_013,character,False,TN,27,1.0272947003259207
page_0240_auto,column_1/line_014,character,False,TN,31,0.9666534132693736
page_0240_auto,column_1/line_015,character,False,TN,31,0.8990036388890439
page_0240_auto,column_1/line_016,character,False,TN,27,0.9231025629411777
page_0240_auto,column_1/line_017,character,False,TN,18,0.42575455351160374
page_0240_auto,column_1/line_018,character,False,TN,40,1.1065994620201545
page_0240_auto,column_1/line_019,character,False,TN,35,1.0464761559010312
page_0240_auto,column_1/line_020,character,False,TN,37,1.066358748059152
page_0240_auto,column_1/line_021,character,False,TN,37,1.1119990078352897
page_0240_auto,column_1/line_022,character,False,TN,29,0.8534678525976064
page_0240_auto,column_1/line_023,character,False,TN,27,1.1392629671797412
page_0240_auto,column_1/line_024,character,False,TN,38,1.0462279890409265
page_0240_auto,column_1/line_025,character,False,TN,13,0.33435367556649853
page_0240_auto,column_1/line_026,character,False,TN,35,1.1539232691077161
page_0240_auto,column_1/line_027,character,False,TN,20,1.0903830025409773
page_0240_auto,column_1/line_028,character,False,TN,34,1.0956683671119682
page_0240_auto,column_1/line_029,character,False,TN,37,0.8016822543961025
page_0240_auto,column_1/line_030,character,False,TN,48,0.9909316839413501
page_0240_auto,column_1/line_031,character,False,TN,44,0.8631066089904467
page_0240_auto,column_2/line_001,character,False,TN,32,1.0186875309735353
page_0240_auto,column_2/line_002,character,False,TN,28,1.0984467620149627
page_0240_auto,column_2/line_003,character,False,TN,24,0.949143736778826
page_0240_auto,column_2/line_004,character,False,TN,31,1.00906831605865
page_0240_auto,column_2/line_005,character,False,TN,38,1.099335539278674
page_0240_auto,column_2/line_006,character,False,TN,32,1.0914374288449527
page_0240_auto,column_2/line_007,character,False,TN,35,0.910496751627273
page_0240_auto,column_2/line_008,empty,True,TP,0,0.3187622897742623
page_0240_auto,column_2/line_009,empty,True,TP,0,0.37376441036276253
page_0240_auto,column_2/line_010,character,False,TN,32,0.9599596913395918
page_0240_auto,column_2/line_011,character,False,TN,36,1.0143359823870706
page_0240_auto,column_2/line_012,character,False,TN,39,1.0973588843944528
page_0240_auto,column_2/line_013,character,False,TN,40,0.9352515755553983
page_0240_auto,column_2/line_014,character,False,TN,36,0.9571992608215774
page_0240_auto,column_2/line_015,character,False,TN,47,0.9730732308010955
page_0240_auto,column_2/line_016,character,False,TN,39,0.9756839239879722
page_0240_auto,column_2/line_017,character,False,TN,26,1.088591352994283
page_0240_auto,column_2/line_018,character,False,TN,13,1.1549893831734215
page_0240_auto,column_2/line_019,character,False,TN,20,1.1612028580259994
page_0240_auto,column_2/line_020,character,False,TN,29,0.7261415018916738
page_0240_auto,column_2/line_021,character,False,TN,33,1.0713376013618636
page_0240_auto,column_2/line_022,character,False,TN,34,0.9009841042316455
page_0240_auto,column_2/line_023,character,False,TN,43,0.9556916082774569
page_0240_auto,column_2/line_024,character,False,TN,28,0.5246084613991919
page_0240_auto,column_2/line_025,character,False,TN,48,1.0833394651618629
page_0240_auto,column_2/line_026,character,False,TN,47,0.9582791336338761
page_0240_auto,column_2/line_027,character,False,TN,48,0.9546252198925912
page_0240_auto,column_2/line_028,character,False,TN,47,0.8976966474332695
page_0240_auto,column_2/line_029,character,False,TN,37,0.9647054037731312
page_0240_auto,column_2/line_030,character,False,TN,47,0.8969765469187102
page_0240_auto,column_2/line_031,character,False,TN,41,1.1690294465422273
page_0280_auto,column_1/line_001,character,False,TN,34,0.9628306730661904
page_0280_auto,column_1/line_002,character,False,TN,33,0.9571946920835821
page_0280_auto,column_1/line_003,character,False,TN,26,0.9920717730207339
page_0280_auto,column_1/line_004,character,False,TN,26,0.978370062652567
page_0280_auto,column_1/line_005,character,False,TN,27,1.0279679894398153
page_0280_auto,column_1/line_006,character,False,TN,21,1.0996763031588348
page_0280_auto,column_1/line_007,character,False,TN,31,1.0
page_0280_auto,column_1/line_008,character,False,TN,24,1.0971559649352687
page_0280_auto,column_1/line_009,character,False,TN,23,1.054465511969989
page_0280_auto,column_1/line_010,character,False,TN,20,0.8669541526421617
page_0280_auto,column_1/line_011,character,False,TN,22,1.0155085585970074
page_0280_auto,column_1/line_012,character,False,TN,26,1.1055355233422468
page_0280_auto,column_1/line_013,character,False,TN,20,1.0059441367481596
page_0280_auto,column_1/line_014,character,False,TN,18,0.9126018528853668
page_0280_auto,column_1/line_015,character,False,TN,27,0.9889660742073368
page_0280_auto,column_1/line_016,character,False,TN,21,1.1015722186902979
page_0280_auto,column_1/line_017,character,False,TN,23,0.9597991494262915
page_0280_auto,column_1/line_018,character,False,TN,22,1.1554861033597499
page_0280_auto,column_1/line_019,character,False,TN,19,1.0622738882359508
page_0280_auto,column_1/line_020,character,False,TN,15,1.0143989284518362
page_0280_auto,column_1/line_021,character,False,TN,13,0.9832570599397255
page_0280_auto,column_1/line_022,character,False,TN,12,0.9400175965017105
page_0280_auto,column_1/line_023,character,False,TN,19,1.0515213427999697
page_0280_auto,column_1/line_024,character,False,TN,18,1.104176676033007
page_0280_auto,column_1/line_025,character,False,TN,22,1.0377274249358188
page_0280_auto,column_1/line_026,character,False,TN,14,1.0719946422591808
page_0280_auto,column_1/line_027,character,False,TN,15,0.9488650912982673
page_0280_auto,column_1/line_028,character,False,TN,28,0.9114941343193537
page_0280_auto,column_1/line_029,character,False,TN,19,1.1533216537171753
page_0280_auto,column_1/line_030,character,False,TN,16,1.0001116196004018
page_0280_auto,column_1/line_031,character,False,TN,14,1.0752316106708337
page_0280_auto,column_1/line_032,character,False,TN,13,1.167023364085342
page_0280_auto,column_1/line_033,character,False,TN,20,1.1406390788309384
page_0280_auto,column_1/line_034,character,False,TN,13,1.2032592923317336
page_0280_auto,column_1/line_035,character,False,TN,13,1.104328214152052
page_0280_auto,column_1/line_036,character,False,TN,13,1.0851657551065967
page_0280_auto,column_2/line_001,empty,False,FN,2,1.5206835598108805
page_0280_auto,column_2/line_002,empty,False,FN,9,0.41420888892704943
page_0280_auto,column_2/line_003,character,False,TN,34,0.9637716997075275
page_0280_auto,column_2/line_004,character,False,TN,31,0.8900838030050233
page_0280_auto,column_2/line_005,character,False,TN,31,0.9254166952006628
page_0280_auto,column_2/line_006,character,False,TN,29,0.8806253565626123
page_0280_auto,column_2/line_007,character,False,TN,34,0.8553705494615204
page_0280_auto,column_2/line_008,character,False,TN,33,1.083988330838818
page_0280_auto,column_2/line_009,character,False,TN,30,1.1860898214547733
page_0280_auto,column_2/line_010,character,False,TN,29,0.769433619896595
page_0280_auto,column_2/line_011,character,False,TN,32,0.9975361538682271
page_0280_auto,column_2/line_012,character,False,TN,21,1.0158122824338969
page_0280_auto,column_2/line_013,character,False,TN,30,0.956090497583163
page_0280_auto,column_2/line_014,character,False,TN,23,0.9004441013175248
page_0280_auto,column_2/line_015,character,False,TN,21,1.1446733949063617
page_0280_auto,column_2/line_016,character,False,TN,22,1.0680345744448019
page_0280_auto,column_2/line_017,character,False,TN,30,0.9849217040628278
page_0280_auto,column_2/line_018,character,False,TN,29,1.0313117656165736
page_0280_auto,column_2/line_019,character,False,TN,26,0.8939841768581713
page_0280_auto,column_2/line_020,character,False,TN,22,0.9043894243094789
page_0280_auto,column_2/line_021,character,False,TN,11,0.9265005751435074
page_0280_auto,column_2/line_022,empty,True,TP,0,0.38943032146444917
page_0280_auto,column_2/line_023,empty,True,TP,0,0.42398882102671587
page_0280_auto,column_2/line_024,character,False,TN,27,1.079142749917866
page_0280_auto,column_2/line_025,character,False,TN,13,0.45336313473312584
page_0280_auto,column_2/line_026,character,False,TN,24,1.0163338996563909
page_0280_auto,column_2/line_027,character,False,TN,22,0.7100345762382542
page_0280_auto,column_2/line_028,character,False,TN,32,0.6708522051372506
page_0280_auto,column_2/line_029,character,False,TN,27,1.0543999567990805
page_0280_auto,column_2/line_030,character,False,TN,24,0.9426551681151681
page_0280_auto,column_2/line_031,character,False,TN,27,0.9535433797174785
page_0280_auto,column_2/line_032,character,False,TN,24,0.9173215679857463
page_0280_auto,column_2/line_033,character,False,TN,28,1.0554683527427418
page_0280_auto,column_2/line_034,character,False,TN,23,1.0458527892497924
page_0280_auto,column_2/line_035,character,False,TN,27,0.8865054052525441
page_0280_auto,column_2/line_036,character,False,TN,21,0.9360743087282148
page_0280_auto,column_2/line_037,character,False,TN,30,1.1165366079460024
page_0320_auto,column_1/line_001,empty,False,FN,6,1.3511101193796717
page_0320_auto,column_1/line_002,character,False,TN,33,1.0075793075235226
page_0320_auto,column_1/line_003,character,False,TN,35,0.9738156709979839
page_0320_auto,column_1/line_004,character,False,TN,35,1.0771041511817754
page_0320_auto,column_1/line_005,character,False,TN,38,1.0089527215489504
page_0320_auto,column_1/line_006,character,False,TN,37,0.8509565198785264
page_0320_auto,column_1/line_007,character,False,TN,32,0.9674758994183293
page_0320_auto,column_1/line_008,character,False,TN,32,1.0690742693357511
page_0320_auto,column_1/line_009,character,False,TN,27,1.1566017652149527
page_0320_auto,column_1/line_010,character,False,TN,20,1.091040946111793
page_0320_auto,column_1/line_011,character,False,TN,17,1.0476402990070288
page_0320_auto,column_1/line_012,character,False,TN,16,1.1250634454950161
page_0320_auto,column_1/line_013,empty,True,TP,0,0.18906430138718433
page_0320_auto,column_1/line_014,character,False,TN,9,0.7121950524734072
page_0320_auto,column_1/line_015,character,False,TN,20,0.9674758994183293
page_0320_auto,column_1/line_016,character,False,TN,24,1.0
page_0320_auto,column_1/line_017,character,False,TN,26,0.9567109226821375
page_0320_auto,column_1/line_018,character,False,TN,17,1.135733288495898
page_0320_auto,column_1/line_019,character,False,TN,22,1.0661028062093936
page_0320_auto,column_1/line_020,character,False,TN,19,1.174452718767138
page_0320_auto,column_1/line_021,character,False,TN,22,1.0853570853013004
page_0320_auto,column_1/line_022,character,False,TN,27,1.0702708733501995
page_0320_auto,column_1/line_023,character,False,TN,15,1.0828575447855675
page_0320_auto,column_1/line_024,character,False,TN,13,1.1091106665301336
page_0320_auto,column_1/line_025,character,False,TN,14,1.0104451320216288
page_0320_auto,column_1/line_026,character,False,TN,14,1.0154990302598659
page_0320_auto,column_1/line_027,character,False,TN,19,1.060602946616793
page_0320_auto,column_1/line_028,character,False,TN,17,1.0971283770875395
page_0320_auto,column_1/line_029,character,False,TN,23,1.0904830971772843
page_0320_auto,column_1/line_030,character,False,TN,30,0.8439380639819122
page_0320_auto,column_1/line_031,empty,True,TP,0,0.317973892669865
page_0320_auto,column_1/line_032,empty,True,TP,0,0.34423570404826676
page_0320_auto,column_2/line_001,character,False,TN,36,0.9186958771796347
page_0320_auto,column_2/line_002,character,False,TN,26,0.9666067620081993
page_0320_auto,column_2/line_003,character,False,TN,41,0.8330270277435843
page_0320_auto,column_2/line_004,character,False,TN,36,1.0134840573398958
page_0320_auto,column_2/line_005,character,False,TN,37,0.8535059882262683
page_0320_auto,column_2/line_006,character,False,TN,35,0.9624432999024745
page_0320_auto,column_2/line_007,character,False,TN,36,1.0780229844975782
page_0320_auto,column_2/line_008,character,False,TN,30,0.99368857986008
page_0320_auto,column_2/line_009,character,False,TN,36,0.8229013890361215
page_0320_auto,column_2/line_010,character,False,TN,28,0.9939613294550658
page_0320_auto,column_2/line_011,character,False,TN,28,0.9530517392741321
page_0320_auto,column_2/line_012,character,False,TN,27,0.7470263031913483
page_0320_auto,column_2/line_013,character,False,TN,26,1.0249377491689236
page_0320_auto,column_2/line_014,character,False,TN,32,0.8554050390500718
page_0320_auto,column_2/line_015,character,False,TN,35,0.9997347531479418
page_0320_auto,column_2/line_016,character,False,TN,27,0.8808403632410157
page_0320_auto,column_2/line_017,character,False,TN,25,1.039740266402627
page_0320_auto,column_2/line_018,empty,True,TP,0,0.08718891941265264
page_0320_auto,column_2/line_019,character,False,TN,24,0.9153402510048715
page_0320_auto,column_2/line_020,character,False,TN,26,0.9395753289337173
page_0320_auto,column_2/line_021,character,False,TN,26,1.1200915537463794
page_0320_auto,column_2/line_022,character,False,TN,24,1.0010418782301747
page_0320_auto,column_2/line_023,character,False,TN,10,0.3827899488248478
page_0320_auto,column_2/line_024,character,False,TN,25,1.1127531125143366
page_0320_auto,column_2/line_025,character,False,TN,28,0.9605257992311812
page_0320_auto,column_2/line_026,character,False,TN,19,1.0400425750670201
page_0320_auto,column_2/line_027,character,False,TN,24,0.9634577134207711
page_0320_auto,column_2/line_028,character,False,TN,26,1.005019851114042
page_0320_auto,column_2/line_029,character,False,TN,30,0.9462037263159658
page_0320_auto,column_2/line_030,character,False,TN,21,0.845480431226174
page_0320_auto,column_2/line_031,character,False,TN,20,1.0116591504656691
page_0320_auto,column_2/line_032,character,False,TN,24,1.0389698257558195
page_0320_auto,column_2/line_033,empty,True,TP,0,0.5095580487603493
page_0360_auto,column_1/line_001,character,False,TN,22,0.9767229156592934
page_0360_auto,column_1/line_002,character,False,TN,24,0.9651769835350811
page_0360_auto,column_1/line_003,character,False,TN,14,1.2274317204314484
page_0360_auto,column_1/line_004,character,False,TN,15,1.1617350065142977
page_0360_auto,column_1/line_005,character,False,TN,23,1.0348645882439997
page_0360_auto,column_1/line_006,character,False,TN,23,0.8791599840031794
page_0360_auto,column_1/line_007,character,False,TN,30,0.9911536916986976
page_0360_auto,column_1/line_008,character,False,TN,20,1.0413098768727047
page_0360_auto,column_1/line_009,character,False,TN,18,1.0425104698525614
page_0360_auto,column_1/line_010,character,False,TN,24,0.9852561528311627
page_0360_auto,column_1/line_011,character,False,TN,19,0.952545814179136
page_0360_auto,column_1/line_012,character,False,TN,18,1.097547087578572
page_0360_auto,column_1/line_013,character,False,TN,20,1.0211691813435833
page_0360_auto,column_1/line_014,character,False,TN,31,0.9978773449601284
page_0360_auto,column_1/line_015,character,False,TN,26,0.9597826294815417
page_0360_auto,column_1/line_016,character,False,TN,25,0.9565253875194049
page_0360_auto,column_1/line_017,character,False,TN,25,1.0021226550398714
page_0360_auto,column_1/line_018,character,False,TN,20,1.0288716005716951
page_0360_auto,column_1/line_019,character,False,TN,22,0.8980551890310365
page_0360_auto,column_1/line_020,character,False,TN,15,0.8022488669611612
page_0360_auto,column_1/line_021,character,False,TN,27,0.9113749764895802
page_0360_auto,column_1/line_022,character,False,TN,19,1.1100596222455577
page_0360_auto,column_1/line_023,character,False,TN,24,1.0547448306383536
page_0360_auto,column_1/line_024,character,False,TN,22,1.0335608972520223
page_0360_auto,column_1/line_025,character,False,TN,23,1.0189209795308873
page_0360_auto,column_1/line_026,character,False,TN,21,1.0170386093741035
page_0360_auto,column_1/line_027,character,False,TN,25,1.073833973954449
page_0360_auto,column_1/line_028,character,False,TN,27,1.0619012104870633
page_0360_auto,column_1/line_029,character,False,TN,21,0.9130825557332056
page_0360_auto,column_1/line_030,character,False,TN,30,1.0557053525328437
page_0360_auto,column_1/line_031,character,False,TN,27,1.067619278400037
page_0360_auto,column_1/line_032,character,False,TN,29,0.9632264356606046
page_0360_auto,column_1/line_033,character,False,TN,26,0.942029816942828
page_0360_auto,column_1/line_034,character,False,TN,30,0.9432620044747863
page_0360_auto,column_1/line_035,character,False,TN,22,1.0375767311112385
page_0360_auto,column_1/line_036,character,False,TN,27,0.9602432447937582
page_0360_auto,column_2/line_001,character,False,TN,17,1.0420738748757015
page_0360_auto,column_2/line_002,character,False,TN,22,1.049318637526918
page_0360_auto,column_2/line_003,character,False,TN,27,0.915929772242757
page_0360_auto,column_2/line_004,character,False,TN,17,1.1683955452206856
page_0360_auto,column_2/line_005,character,False,TN,29,0.9067973282220116
page_0360_auto,column_2/line_006,character,False,TN,25,1.0951311072331393
page_0360_auto,column_2/line_007,character,False,TN,27,1.029707659256672
page_0360_auto,column_2/line_008,character,False,TN,26,0.9921063207077531
page_0360_auto,column_2/line_009,character,False,TN,24,1.0045391486846487
page_0360_auto,column_2/line_010,character,False,TN,20,1.0637695611528204
page_0360_auto,column_2/line_011,character,False,TN,19,0.9725460791762932
page_0360_auto,column_2/line_012,character,False,TN,26,1.0799822652955682
page_0360_auto,column_2/line_013,character,False,TN,24,0.9421011639654903
page_0360_auto,column_2/line_014,character,False,TN,23,0.9333113351508437
page_0360_auto,column_2/line_015,character,False,TN,21,0.9138052267940007
page_0360_auto,column_2/line_016,character,False,TN,24,0.8078599736635391
page_0360_auto,column_2/line_017,character,False,TN,26,1.0109274380782092
page_0360_auto,column_2/line_018,character,False,TN,24,1.0688495417842148
page_0360_auto,column_2/line_019,character,False,TN,25,0.803825871397432
page_0360_auto,column_2/line_020,character,False,TN,27,1.0193467518016917
page_0360_auto,column_2/line_021,character,False,TN,23,1.0062837269895866
page_0360_auto,column_2/line_022,character,False,TN,25,0.9416060634036857
page_0360_auto,column_2/line_023,character,False,TN,23,1.0292905436759103
page_0360_auto,column_2/line_024,character,False,TN,31,0.984838522245245
page_0360_auto,column_2/line_025,character,False,TN,28,0.8391171135622778
page_0360_auto,column_2/line_026,character,False,TN,21,0.830955129662963
page_0360_auto,column_2/line_027,character,False,TN,24,0.9978595145778367
page_0360_auto,column_2/line_028,character,False,TN,28,0.9911366465933106
page_0360_auto,column_2/line_029,character,False,TN,33,1.0344468193856233
page_0360_auto,column_2/line_030,character,False,TN,38,1.0898470101545634
page_0360_auto,column_2/line_031,character,False,TN,27,0.8839266069113089
page_0360_auto,column_2/line_032,character,False,TN,36,0.9057890416333672
page_0360_auto,column_2/line_033,character,False,TN,38,1.0116345909682984
page_0360_auto,column_2/line_034,character,False,TN,43,0.9793554149162473
page_0360_auto,column_2/line_035,character,False,TN,38,0.9164374069959996
page_0360_auto,column_2/line_036,character,False,TN,36,1.0504592489477842
page_0400_auto,column_1/line_001,character,False,TN,13,1.1446257483322548
page_0400_auto,column_1/line_002,character,False,TN,3,0.42778388793741284
page_0400_auto,column_1/line_003,character,False,TN,14,1.0964551256569495
page_0400_auto,column_1/line_004,character,False,TN,14,1.1155190749533812
page_0400_auto,column_1/line_005,character,False,TN,11,0.7162211003038816
page_0400_auto,column_1/line_006,character,False,TN,14,0.95019610739945
page_0400_auto,column_1/line_007,character,False,TN,9,1.1636607953146738
page_0400_auto,column_1/line_008,character,False,TN,4,1.1571375983777885
page_0400_auto,column_1/line_009,character,False,TN,10,0.5873722240281462
page_0400_auto,column_1/line_010,character,False,TN,9,0.3886493420393951
page_0400_auto,column_1/line_011,character,False,TN,17,0.8642430087181198
page_0400_auto,column_1/line_012,character,False,TN,17,1.0627773959510542
page_0400_auto,column_1/line_013,character,False,TN,11,0.9471228709589015
page_0400_auto,column_1/line_014,character,False,TN,13,0.9322861598879277
page_0400_auto,column_1/line_015,character,False,TN,12,1.1105475789811825
page_0400_auto,column_1/line_016,character,False,TN,16,0.8939716857533934
page_0400_auto,column_1/line_017,character,False,TN,3,0.3555450721272535
page_0400_auto,column_1/line_018,character,False,TN,20,1.0785475402792792
page_0400_auto,column_1/line_019,character,False,TN,10,0.7134625602655563
page_0400_auto,column_1/line_020,character,False,TN,9,1.038066492111125
page_0400_auto,column_1/line_021,character,False,TN,13,0.9714408906186571
page_0400_auto,column_1/line_022,character,False,TN,4,0.3327556309728883
page_0400_auto,column_1/line_023,character,False,TN,18,1.0744420894830884
page_0400_auto,column_1/line_024,character,False,TN,8,1.1309713842802156
page_0400_auto,column_1/line_025,character,False,TN,3,0.37276419908942815
page_0400_auto,column_1/line_026,character,False,TN,7,1.271391936082322
page_0400_auto,column_1/line_027,character,False,TN,9,0.947478935549059
page_0400_auto,column_1/line_028,character,False,TN,5,0.4315284947996101
page_0400_auto,column_1/line_029,character,False,TN,15,1.1259883050352617
page_0400_auto,column_1/line_030,character,False,TN,8,0.8845233989910675
page_0400_auto,column_1/line_031,character,False,TN,9,1.2300191248930232
page_0400_auto,column_1/line_032,character,False,TN,15,0.7896020032902319
page_0400_auto,column_1/line_033,character,False,TN,11,0.662266729402913
page_0400_auto,column_1/line_034,character,False,TN,7,0.44080377252433744
page_0400_auto,column_1/line_035,character,False,TN,23,1.1359326191860348
page_0400_auto,column_2/line_001,empty,True,TP,0,1.9192034570281313
page_0400_auto,column_2/line_002,character,False,TN,11,0.9449672794953328
page_0400_auto,column_2/line_003,character,False,TN,7,0.603750386095489
page_0400_auto,column_2/line_004,character,False,TN,10,1.0510672060763302
page_0400_auto,column_2/line_005,character,False,TN,15,1.1217262214593646
page_0400_auto,column_2/line_006,character,False,TN,21,1.0995471534647356
page_0400_auto,column_2/line_007,character,False,TN,14,1.0912008352041158
page_0400_auto,column_2/line_008,character,False,TN,13,1.207460168721706
page_0400_auto,column_2/line_009,character,False,TN,11,1.0127085286053017
page_0400_auto,column_2/line_010,character,False,TN,12,1.0075547882555347
page_0400_auto,column_2/line_011,character,False,TN,17,1.0432660470238193
page_0400_auto,column_2/line_012,character,False,TN,19,0.9491624419098152
page_0400_auto,column_2/line_013,character,False,TN,4,0.4653331593464867
page_0400_auto,column_2/line_014,character,False,TN,12,1.0221749374413396
page_0400_auto,column_2/line_015,character,False,TN,10,0.9910246787760139
page_0400_auto,column_2/line_016,character,False,TN,13,1.0529270358713851
page_0400_auto,column_2/line_017,character,False,TN,8,1.058581168089935
page_0400_auto,column_2/line_018,character,False,TN,2,0.4973894722391748
page_0400_auto,column_2/line_019,character,False,TN,11,1.2152079735726298
page_0400_auto,column_2/line_020,character,False,TN,9,0.9681656941714448
page_0400_auto,column_2/line_021,character,False,TN,2,0.3242172520147843
page_0400_auto,column_2/line_022,character,False,TN,16,0.8976411244294366
page_0400_auto,column_2/line_023,character,False,TN,12,1.0243057368940165
page_0400_auto,column_2/line_024,character,False,TN,11,0.9917349452602395
page_0400_auto,column_2/line_025,character,False,TN,12,1.1198916609129823
page_0400_auto,column_2/line_026,character,False,TN,8,1.164999380755061
page_0400_auto,column_2/line_027,character,False,TN,11,0.9710357505770915
page_0400_auto,column_2/line_028,character,False,TN,15,1.1049891104551781
page_0400_auto,column_2/line_029,character,False,TN,8,0.4667465467768674
page_0400_auto,column_2/line_030,character,False,TN,25,1.0727585944482825
page_0400_auto,column_2/line_031,character,False,TN,17,0.9924452117444651
page_0400_auto,column_2/line_032,character,False,TN,15,1.1398568425073599
page_0400_auto,column_2/line_033,character,False,TN,17,0.9727485680475801
page_0400_auto,column_2/line_034,character,False,TN,20,0.8396364509953429
page_0400_auto,column_2/line_035,character,False,TN,19,1.0655823662915882
page_0400_auto,column_2/line_036,character,False,TN,22,0.795705623390647
page_0400_auto,column_2/line_037,character,False,TN,26,1.0216293895295225
page_0440_auto,column_1/line_001,character,False,TN,20,0.8831784908100184
page_0440_auto,column_1/line_002,character,False,TN,26,0.9808970485256858
page_0440_auto,column_1/line_003,character,False,TN,21,1.1633895226699993
page_0440_auto,column_1/line_004,character,False,TN,19,0.9474702092022225
page_0440_auto,column_1/line_005,character,False,TN,18,0.9545282411539672
page_0440_auto,column_1/line_006,character,False,TN,16,0.6566270422851415
page_0440_auto,column_1/line_007,character,False,TN,17,0.9690810726817647
page_0440_auto,column_1/line_008,character,False,TN,20,0.886783775668474
page_0440_auto,column_1/line_009,character,False,TN,16,1.0967617010455284
page_0440_auto,column_1/line_010,character,False,TN,20,0.9163019401033173
page_0440_auto,column_1/line_011,character,False,TN,26,0.8778680498776161
page_0440_auto,column_1/line_012,character,False,TN,14,1.0517064515944818
page_0440_auto,column_1/line_013,character,False,TN,13,0.7471217445766946
page_0440_auto,column_1/line_014,character,False,TN,14,1.055939704950037
page_0440_auto,column_1/line_015,character,False,TN,9,1.0452662999255984
page_0440_auto,column_1/line_016,character,False,TN,8,0.48889319067638565
page_0440_auto,column_1/line_017,character,False,TN,12,1.0128558172031863
page_0440_auto,column_1/line_018,character,False,TN,10,1.2660415393761757
page_0440_auto,column_1/line_019,character,False,TN,9,1.0337846968626114
page_0440_auto,column_1/line_020,character,False,TN,17,0.9700559114478058
page_0440_auto,column_1/line_021,character,False,TN,14,1.1005422779214125
page_0440_auto,column_1/line_022,character,False,TN,12,1.206509946111659
page_0440_auto,column_1/line_023,character,False,TN,16,1.207657499071343
page_0440_auto,column_1/line_024,character,False,TN,15,1.1714074469671816
page_0440_auto,column_1/line_025,character,False,TN,15,0.8292340579465933
page_0440_auto,column_1/line_026,character,False,TN,16,1.1637283082036831
page_0440_auto,column_1/line_027,character,False,TN,16,1.0775638541367827
page_0440_auto,column_1/line_028,character,False,TN,14,0.8861184740508558
page_0440_auto,column_1/line_029,character,False,TN,7,0.4455434287981539
page_0440_auto,column_1/line_030,character,False,TN,12,1.3015078339024122
page_0440_auto,column_1/line_031,character,False,TN,13,1.072784320970401
page_0440_auto,column_1/line_032,character,False,TN,11,0.8447517639600296
page_0440_auto,column_1/line_033,character,False,TN,13,0.8926500598546703
page_0440_auto,column_1/line_034,character,False,TN,12,0.9229529237645914
page_0440_auto,column_1/line_035,character,False,TN,16,0.9630762552538534
page_0440_auto,column_1/line_036,character,False,TN,11,0.6573983816927143
page_0440_auto,column_2/line_001,character,False,TN,19,0.8996859444709282
page_0440_auto,column_2/line_002,character,False,TN,17,0.8399076996659894
page_0440_auto,column_2/line_003,character,True,FP,0,0.4188828900358682
page_0440_auto,column_2/line_004,character,False,TN,17,1.038203641288449
page_0440_auto,column_2/line_005,character,False,TN,18,0.8372153426341071
page_0440_auto,column_2/line_006,character,False,TN,10,0.48519441193379337
page_0440_auto,column_2/line_007,character,False,TN,13,1.0498807783581554
page_0440_auto,column_2/line_008,character,False,TN,20,0.9193559881979738
page_0440_auto,column_2/line_009,character,False,TN,9,0.48871664842726764
page_0440_auto,column_2/line_010,character,False,TN,12,0.893725608998717
page_0440_auto,column_2/line_011,character,False,TN,11,0.8522186945054875
page_0440_auto,column_2/line_012,character,False,TN,12,0.8539079562317771
page_0440_auto,column_2/line_013,character,False,TN,11,1.0271634389679993
page_0440_auto,column_2/line_014,character,False,TN,13,1.0127570211128305
page_0440_auto,column_2/line_015,character,False,TN,7,0.5095016447133986
page_0440_auto,column_2/line_016,character,False,TN,13,1.0961123948199052
page_0440_auto,column_2/line_017,character,False,TN,8,1.0417473713884802
page_0440_auto,column_2/line_018,character,False,TN,13,1.0213725636148536
page_0440_auto,column_2/line_019,character,False,TN,8,0.7273545058178668
page_0440_auto,column_2/line_020,character,False,TN,11,1.1940403432732591
page_0440_auto,column_2/line_021,character,False,TN,11,1.0110339126124257
page_0440_auto,column_2/line_022,character,False,TN,11,0.9135642531005659
page_0440_auto,column_2/line_023,character,False,TN,7,1.1089280142916647
page_0440_auto,column_2/line_024,character,False,TN,7,1.052238061376238
page_0440_auto,column_2/line_025,character,False,TN,14,1.1051587144470296
page_0440_auto,column_2/line_026,character,False,TN,12,1.2209300668179666
page_0440_auto,column_2/line_027,character,False,TN,14,1.2113452757844658
page_0440_auto,column_2/line_028,character,False,TN,15,1.2198705451389495
page_0440_auto,column_2/line_029,character,False,TN,13,1.2220070096307196
page_0440_auto,column_2/line_030,character,False,TN,8,1.0701596567719907
page_0440_auto,column_2/line_031,character,False,TN,8,1.075905031496978
page_0440_auto,column_2/line_032,character,False,TN,5,0.6645196439120264
page_0440_auto,column_2/line_033,character,False,TN,13,1.0813631004171878
page_0440_auto,column_2/line_034,character,False,TN,16,0.9889660873875744
page_0440_auto,column_2/line_035,character,False,TN,19,1.0579612938338003
page_0440_auto,column_2/line_036,character,False,TN,16,0.9724651062609971
page_0480_auto,column_1/line_001,empty,True,TP,0,0.5113074446583649
page_0480_auto,column_1/line_002,character,False,TN,32,0.8463740398636421
page_0480_auto,column_1/line_003,character,False,TN,25,1.0228251849085896
page_0480_auto,column_1/line_004,character,False,TN,37,0.9239382325007185
page_0480_auto,column_1/line_005,character,False,TN,27,0.9869434995474942
page_0480_auto,column_1/line_006,character,False,TN,26,0.9875008802249933
page_0480_auto,column_1/line_007,character,False,TN,26,1.058034530997633
page_0480_auto,column_1/line_008,character,False,TN,34,0.9451042816141176
page_0480_auto,column_1/line_009,character,False,TN,27,0.8681751696818033
page_0480_auto,column_1/line_010,character,False,TN,28,1.0423984471209498
page_0480_auto,column_1/line_011,character,False,TN,27,0.9876453610853266
page_0480_auto,column_1/line_012,character,False,TN,29,0.9417056075300392
page_0480_auto,column_1/line_013,character,False,TN,35,0.8168328639561929
page_0480_auto,column_1/line_014,character,False,TN,18,1.1248024529102438
page_0480_auto,column_1/line_015,character,False,TN,17,1.12082185777861
page_0480_auto,column_1/line_016,character,False,TN,19,0.9890357260991615
page_0480_auto,column_1/line_017,character,False,TN,22,1.113473924468395
page_0480_auto,column_1/line_018,character,False,TN,25,0.9503288127243871
page_0480_auto,column_1/line_019,character,False,TN,28,0.9650753866889628
page_0480_auto,column_1/line_020,character,False,TN,20,0.9823540128424904
page_0480_auto,column_1/line_021,character,False,TN,30,0.9930163212307953
page_0480_auto,column_1/line_022,character,False,TN,36,0.9287179075512842
page_0480_auto,column_1/line_023,character,False,TN,24,0.8949314466532047
page_0480_auto,column_1/line_024,character,False,TN,23,0.9223607576442948
page_0480_auto,column_1/line_025,character,False,TN,31,1.0422591262913425
page_0480_auto,column_1/line_026,character,False,TN,20,0.8728040207744167
page_0480_auto,column_1/line_027,character,False,TN,30,0.8202513843122952
page_0480_auto,column_1/line_028,character,False,TN,16,1.1181207396535726
page_0480_auto,column_1/line_029,character,False,TN,28,0.8910960261675481
page_0480_auto,column_1/line_030,character,False,TN,23,0.9768533552842162
page_0480_auto,column_1/line_031,character,False,TN,27,0.8068551506962198
page_0480_auto,column_1/line_032,character,False,TN,15,1.2019207970211754
page_0480_auto,column_1/line_033,character,False,TN,21,0.888648350416018
page_0480_auto,column_1/line_034,character,False,TN,19,1.0240080976128014
page_0480_auto,column_1/line_035,character,False,TN,26,0.9563571178516209
page_0480_auto,column_1/line_036,character,False,TN,24,0.7890108207345619
page_0480_auto,column_1/line_037,character,False,TN,19,1.0442096179058433
page_0480_auto,column_1/line_038,character,False,TN,25,0.8791948122230268
page_0480_auto,column_1/line_039,character,False,TN,6,0.6208306764230327
page_0480_auto,column_1/line_040,character,False,TN,20,0.950651415901264
page_0480_auto,column_1/line_041,character,False,TN,15,1.1030059722730452
page_0480_auto,column_1/line_042,character,False,TN,27,1.082801487707033
page_0480_auto,column_1/line_043,character,False,TN,29,0.9517524908851542
page_0480_auto,column_1/line_044,character,False,TN,29,1.111341617653601
page_0480_auto,column_1/line_045,character,False,TN,22,0.8157376737612461
page_0480_auto,column_1/line_046,character,False,TN,19,1.1365793279354062
page_0480_auto,column_1/line_047,character,False,TN,19,0.9051589001111632
page_0480_auto,column_1/line_048,character,False,TN,14,1.0660829881541711
page_0480_auto,column_1/line_049,empty,True,TP,0,1.8360495044661018
page_0480_auto,column_2/line_001,character,False,TN,20,1.0194167566660175
page_0480_auto,column_2/line_002,character,False,TN,20,1.0937005208294834
page_0480_auto,column_2/line_003,character,False,TN,14,1.0782639470958038
page_0480_auto,column_2/line_004,character,False,TN,21,0.9805381615496636
page_0480_auto,column_2/line_005,character,False,TN,14,1.0960743269468163
page_0480_auto,column_2/line_006,character,False,TN,17,1.0195613785981323
page_0480_auto,column_2/line_007,character,False,TN,21,1.0871481094181799
page_0480_auto,column_2/line_008,character,False,TN,21,1.0722526810510478
page_0480_auto,column_2/line_009,character,False,TN,14,0.9630185934499372
page_0480_auto,column_2/line_010,character,False,TN,10,0.8539238137195623
page_0480_auto,column_2/line_011,empty,False,FN,6,0.17949045211652376
page_0480_auto,column_2/line_012,character,False,TN,13,1.107197104390638
page_0480_auto,column_2/line_013,character,False,TN,7,1.327971780887938
page_0480_auto,column_2/line_014,character,False,TN,23,0.9853219412617122
page_0480_auto,column_2/line_015,character,False,TN,16,1.1333021324029378
page_0480_auto,column_2/line_016,character,False,TN,20,1.1307898483340997
page_0480_auto,column_2/line_017,character,False,TN,12,1.2291161865169768
page_0480_auto,column_2/line_018,character,False,TN,18,1.139337779282429
page_0480_auto,column_2/line_019,character,False,TN,22,0.9879379853671013
page_0480_auto,column_2/line_020,character,False,TN,19,1.1213122695283955
page_0480_auto,column_2/line_021,character,False,TN,21,1.1098746981413785
page_0480_auto,column_2/line_022,character,False,TN,21,1.0183869710333258
page_0480_auto,column_2/line_023,character,False,TN,23,1.056418019744114
page_0480_auto,column_2/line_024,character,False,TN,33,0.9705494063608315
page_0480_auto,column_2/line_025,character,False,TN,20,1.124125359798114
page_0480_auto,column_2/line_026,character,False,TN,26,0.9925741513051782
page_0480_auto,column_2/line_027,character,False,TN,31,1.003874805779241
page_0480_auto,column_2/line_028,character,False,TN,31,1.076791795839179
page_0480_auto,column_2/line_029,character,False,TN,29,1.0524510622822176
page_0480_auto,column_2/line_030,character,False,TN,33,0.9341985811521796
page_0480_auto,column_2/line_031,character,False,TN,17,0.8892745789973996
page_0480_auto,column_2/line_032,character,False,TN,23,1.0254619534284122
page_0480_auto,column_2/line_033,character,False,TN,22,0.9613835170699905
page_0480_auto,column_2/line_034,character,False,TN,25,1.1055806960458057
page_0480_auto,column_2/line_035,character,False,TN,26,0.9763475705219086
page_0480_auto,column_2/line_036,character,False,TN,23,1.0747212165204805
page_0480_auto,column_2/line_037,character,False,TN,4,0.2746284406374794
page_0480_auto,column_2/line_038,character,False,TN,22,1.1872783370120088
page_0480_auto,column_2/line_039,character,False,TN,25,1.1359512049448495
page_0480_auto,column_2/line_040,character,False,TN,24,0.9961251942207588
page_0480_auto,column_2/line_041,character,False,TN,23,1.2263681589876545
page_0480_auto,column_2/line_042,character,False,TN,20,1.0375195329535896
page_0480_auto,column_2/line_043,character,False,TN,29,0.7714869881331301
page_0480_auto,column_2/line_044,character,False,TN,26,1.1280617852654837
page_0480_auto,column_2/line_045,character,False,TN,17,1.1018285949135227
page_0480_auto,column_2/line_046,character,False,TN,21,1.0795052193826034
page_0480_auto,column_2/line_047,character,False,TN,19,0.9924292711196134
page_0480_auto,column_2/line_048,character,False,TN,20,1.0576253546238215
page_0480_auto,column_2/line_049,character,False,TN,13,0.8733558686084555
page_0486_auto,column_1/line_001,empty,True,TP,0,2.0857105120013
page_0486_auto,column_1/line_002,character,False,TN,31,0.9922408888277552
page_0486_auto,column_1/line_003,character,False,TN,31,1.0077591111722446
page_0486_auto,column_1/line_004,character,False,TN,38,1.0270060669777639
page_0486_auto,column_1/line_005,character,False,TN,28,1.248729218899469
page_0486_auto,column_1/line_006,character,False,TN,32,1.0751741146855593
page_0486_auto,column_1/line_007,character,False,TN,4,0.29064026183184455
page_0486_auto,column_1/line_008,character,False,TN,35,1.2094183287779676
page_0486_auto,column_1/line_009,character,False,TN,24,1.027639971651311
page_0486_auto,column_1/line_010,character,False,TN,24,1.0779287362214816
page_0486_auto,column_1/line_011,character,False,TN,27,1.072307913543119
page_0486_auto,column_1/line_012,character,False,TN,32,1.0790166373850356
page_0486_auto,column_1/line_013,character,False,TN,27,1.0801304409572456
page_0486_auto,column_1/line_014,character,False,TN,31,1.1390854023254406
page_0486_auto,column_1/line_015,empty,False,FN,1,0.17191524559866633
page_0486_auto,column_1/line_016,character,False,TN,45,1.2297046328286385
page_0486_auto,column_1/line_017,character,False,TN,31,1.0859457856457115
page_0486_auto,column_1/line_018,character,False,TN,33,1.1480317550770314
page_0486_auto,column_1/line_019,character,False,TN,19,1.1605869576687102
page_0486_auto,column_1/line_020,character,False,TN,38,1.0470159891067672
page_0486_auto,column_1/line_021,character,False,TN,23,1.1509994310401959
page_0486_auto,column_1/line_022,character,False,TN,28,0.96097936113942
page_0486_auto,column_1/line_023,character,False,TN,35,1.0139523262928696
page_0486_auto,column_1/line_024,character,False,TN,38,0.8725411372994811
page_0486_auto,column_1/line_025,character,False,TN,35,0.9485832084254536
page_0486_auto,column_1/line_026,character,False,TN,37,0.8525750253384657
page_0486_auto,column_1/line_027,character,False,TN,38,0.8489255412933518
page_0486_auto,column_1/line_028,character,False,TN,42,0.8821620319431566
page_0486_auto,column_1/line_029,character,False,TN,32,0.8503390727371534
page_0486_auto,column_1/line_030,character,False,TN,32,0.9189804556756833
page_0486_auto,column_1/line_031,character,False,TN,41,0.9099146126460662
page_0486_auto,column_1/line_032,character,False,TN,51,0.943572942522555
page_0486_auto,column_1/line_033,character,False,TN,42,0.888089983181298
page_0486_auto,column_1/line_034,character,False,TN,36,1.0149966758575557
page_0486_auto,column_1/line_035,character,False,TN,38,0.9455481389613483
page_0486_auto,column_1/line_036,character,False,TN,44,0.951202471597676
page_0486_auto,column_1/line_037,character,False,TN,53,0.9541799788672071
page_0486_auto,column_1/line_038,character,False,TN,39,1.041302730381828
page_0486_auto,column_1/line_039,character,False,TN,41,0.8930744192313071
page_0486_auto,column_1/line_040,character,False,TN,42,0.9673447402878748
page_0486_auto,column_1/line_041,character,False,TN,45,0.9892869934563878
page_0486_auto,column_1/line_042,character,False,TN,28,0.657551145454274
page_0486_auto,column_1/line_043,character,False,TN,53,1.0941917485133865
page_0486_auto,column_1/line_044,character,False,TN,43,1.0713125997126332
page_0486_auto,column_1/line_045,character,False,TN,26,1.0657743602275371
page_0486_auto,column_1/line_046,character,False,TN,34,1.0320746564769443
page_0486_auto,column_1/line_047,character,False,TN,32,0.826656870537337
page_0486_auto,column_1/line_048,character,False,TN,46,0.9594683873011505
page_0486_auto,column_1/line_049,character,False,TN,41,1.0577433591902319
page_0486_auto,column_1/line_050,empty,True,TP,12,1.7643525280716492
page_0486_auto,column_2/line_001,empty,True,TP,0,2.2021965536500443
page_0486_auto,column_2/line_002,character,False,TN,35,0.9488572212475838
page_0486_auto,column_2/line_003,character,False,TN,24,1.0640831259381456
page_0486_auto,column_2/line_004,character,False,TN,31,1.0564441058340188
page_0486_auto,column_2/line_005,character,False,TN,32,0.9649958738740606
page_0486_auto,column_2/line_006,character,False,TN,33,1.0746930159074541
page_0486_auto,column_2/line_007,character,False,TN,35,1.2307742594005588
page_0486_auto,column_2/line_008,character,False,TN,49,1.100860100867712
page_0486_auto,column_2/line_009,empty,True,TP,44,1.8770502846553359
page_0486_auto,column_2/line_010,empty,True,TP,55,2.143703977438851
page_0486_auto,column_2/line_011,character,False,TN,6,0.5808114843614405
page_0486_auto,column_2/line_012,character,False,TN,12,0.8546414315062155
page_0486_auto,column_2/line_013,character,False,TN,45,0.8776142693399698
page_0486_auto,column_2/line_014,character,False,TN,31,1.0339988876110275
page_0486_auto,column_2/line_015,character,False,TN,29,1.2687144963108656
page_0486_auto,column_2/line_016,character,False,TN,34,1.0456362179998797
page_0486_auto,column_2/line_017,character,False,TN,40,1.185588491135853
page_0486_auto,column_2/line_018,character,False,TN,27,1.0602861124727325
page_0486_auto,column_2/line_019,character,False,TN,28,1.2003869400233222
page_0486_auto,column_2/line_020,character,False,TN,13,0.6888963387139991
page_0486_auto,column_2/line_021,character,False,TN,21,1.2228846808146578
page_0486_auto,column_2/line_022,character,False,TN,32,1.237183588232432
page_0486_auto,column_2/line_023,character,False,TN,44,0.9612162011000644
page_0486_auto,column_2/line_024,character,False,TN,47,0.9532484523714618
page_0486_auto,column_2/line_025,character,False,TN,51,0.9460169355844796
page_0486_auto,column_2/line_026,character,False,TN,45,0.7826930355200358
page_0486_auto,column_2/line_027,character,False,TN,45,0.9619486958237071
page_0486_auto,column_2/line_028,character,False,TN,57,0.921789672599999
page_0486_auto,column_2/line_029,character,False,TN,37,0.8027646211154286
page_0486_auto,column_2/line_030,character,False,TN,35,0.941988214604445
page_0486_auto,column_2/line_031,character,False,TN,45,0.975907204970673
page_0486_auto,column_2/line_032,character,False,TN,35,0.8585295970294108
page_0486_auto,column_2/line_033,character,False,TN,47,0.8443459204992845
page_0486_auto,column_2/line_034,character,False,TN,48,0.8789277438460494
page_0486_auto,column_2/line_035,character,False,TN,34,0.7692128169954404
page_0486_auto,column_2/line_036,character,False,TN,38,1.0115536693880365
page_0486_auto,column_2/line_037,character,False,TN,43,0.9463908130996722
page_0486_auto,column_2/line_038,character,False,TN,48,0.8204576231853876
page_0486_auto,column_2/line_039,character,False,TN,42,0.8346737566412121
page_0486_auto,column_2/line_040,character,False,TN,36,1.0625671965849457
page_0486_auto,column_2/line_041,character,False,TN,43,0.8854478438187837
page_0486_auto,column_2/line_042,character,False,TN,61,0.9038875015541726
page_0486_auto,column_2/line_043,character,False,TN,55,0.8973463236720438
page_0486_auto,column_2/line_044,character,False,TN,32,1.2071513045630835
page_0486_auto,column_2/line_045,character,False,TN,46,1.1122110190558498
page_0486_auto,column_2/line_046,empty,False,FN,4,1.490822966556621
page_0487_auto,column_1/line_001,empty,True,TP,0,2.167
page_0487_auto,column_1/line_002,character,False,TN,,
page_0487_auto,column_1/line_003,character,False,TN,,
page_0487_auto,column_1/line_004,character,False,TN,,
page_0487_auto,column_1/line_005,character,False,TN,,
page_0487_auto,column_1/line_006,character,False,TN,,
page_0487_auto,column_1/line_007,character,False,TN,,
page_0487_auto,column_1/line_008,character,False,TN,,
page_0487_auto,column_1/line_009,character,False,TN,,
page_0487_auto,column_1/line_010,empty,True,TP,0,0.076
page_0487_auto,column_1/line_011,empty,True,TP,0,0.099
page_0487_auto,column_1/line_012,character,False,TN,,
page_0487_auto,column_1/line_013,character,False,TN,,
page_0487_auto,column_1/line_014,character,False,TN,,
page_0487_auto,column_1/line_015,character,False,TN,,
page_0487_auto,column_1/line_016,character,False,TN,,
page_0487_auto,column_1/line_017,character,False,TN,,
page_0487_auto,column_1/line_018,character,False,TN,,
page_0487_auto,column_1/line_019,character,False,TN,,
page_0487_auto,column_1/line_020,character,False,TN,,
page_0487_auto,column_1/line_021,character,False,TN,,
page_0487_auto,column_1/line_022,character,False,TN,,
page_0487_auto,column_1/line_023,character,False,TN,,
page_0487_auto,column_1/line_024,character,False,TN,,
page_0487_auto,column_1/line_025,character,False,TN,,
page_0487_auto,column_1/line_026,character,False,TN,,
page_0487_auto,column_1/line_027,character,False,TN,,
page_0487_auto,column_1/line_028,character,False,TN,,
page_0487_auto,column_1/line_029,character,False,TN,,
page_0487_auto,column_1/line_030,character,False,TN,,
page_0487_auto,column_1/line_031,character,False,TN,,
page_0487_auto,column_1/line_032,character,False,TN,,
page_0487_auto,column_1/line_033,character,False,TN,,
page_0487_auto,column_1/line_034,character,False,TN,,
page_0487_auto,column_1/line_035,character,False,TN,,
page_0487_auto,column_1/line_036,character,False,TN,,
page_0487_auto,column_1/line_037,character,False,TN,,
page_0487_auto,column_1/line_038,character,False,TN,,
page_0487_auto,column_1/line_039,character,False,TN,,
page_0487_auto,column_1/line_040,character,False,TN,,
page_0487_auto,column_1/line_041,character,False,TN,,
page_0487_auto,column_1/line_042,character,False,TN,,
page_0487_auto,column_1/line_043,character,False,TN,,
page_0487_auto,column_1/line_044,character,False,TN,,
page_0487_auto,column_1/line_045,empty,True,TP,68,2.456
page_0487_auto,column_1/line_046,empty,True,TP,0,0.091
page_0487_auto,column_1/line_047,character,False,TN,,
page_0487_auto,column_1/line_048,character,False,TN,,
page_0487_auto,column_1/line_049,character,False,TN,,
page_0487_auto,column_1/line_050,character,False,TN,,
page_0487_auto,column_2/line_001,empty,True,TP,0,2.029
page_0487_auto,column_2/line_002,character,False,TN,,
page_0487_auto,column_2/line_003,character,False,TN,,
page_0487_auto,column_2/line_004,character,False,TN,,
page_0487_auto,column_2/line_005,character,False,TN,,
page_0487_auto,column_2/line_006,character,False,TN,,
page_0487_auto,column_2/line_007,character,False,TN,,
page_0487_auto,column_2/line_008,character,False,TN,,
page_0487_auto,column_2/line_009,character,False,TN,,
page_0487_auto,column_2/line_010,character,False,TN,,
page_0487_auto,column_2/line_011,character,False,TN,,
page_0487_auto,column_2/line_012,character,False,TN,,
page_0487_auto,column_2/line_013,character,False,TN,,
page_0487_auto,column_2/line_014,character,False,TN,,
page_0487_auto,column_2/line_015,character,False,TN,,
page_0487_auto,column_2/line_016,character,False,TN,,
page_0487_auto,column_2/line_017,character,False,TN,,
page_0487_auto,column_2/line_018,character,False,TN,,
page_0487_auto,column_2/line_019,character,False,TN,,
page_0487_auto,column_2/line_020,character,False,TN,,
page_0487_auto,column_2/line_021,character,False,TN,,
page_0487_auto,column_2/line_022,character,False,TN,,
page_0487_auto,column_2/line_023,character,False,TN,,
page_0487_auto,column_2/line_024,character,False,TN,,
page_0487_auto,column_2/line_025,character,False,TN,,
page_0487_auto,column_2/line_026,character,False,TN,,
page_0487_auto,column_2/line_027,character,False,TN,,
page_0487_auto,column_2/line_028,character,False,TN,,
page_0487_auto,column_2/line_029,character,False,TN,,
page_0487_auto,column_2/line_030,character,False,TN,,
page_0487_auto,column_2/line_031,character,False,TN,,
page_0487_auto,column_2/line_032,character,False,TN,,
page_0487_auto,column_2/line_033,character,False,TN,,
page_0487_auto,column_2/line_034,character,False,TN,,
page_0487_auto,column_2/line_035,character,False,TN,,
page_0487_auto,column_2/line_036,character,False,TN,,
page_0487_auto,column_2/line_037,character,False,TN,,
page_0487_auto,column_2/line_038,character,False,TN,,
page_0487_auto,column_2/line_039,character,False,TN,,
page_0487_auto,column_2/line_040,character,False,TN,,
page_0487_auto,column_2/line_041,character,False,TN,,
page_0487_auto,column_2/line_042,character,False,TN,,
page_0487_auto,column_2/line_043,character,False,TN,,
page_0487_auto,column_2/line_044,character,False,TN,,
page_0487_auto,column_2/line_045,character,False,TN,,
page_0487_auto,column_2/line_046,character,False,TN,,
page_0487_auto,column_2/line_047,character,False,TN,,
page_0487_auto,column_2/line_048,character,False,TN,,
page_0560_auto,column_1/line_001,empty,True,TP,0,0.48967391304347824
page_0560_auto,column_1/line_002,character,False,TN,19,0.9607343022127328
page_0560_auto,column_1/line_003,character,False,TN,20,0.797745414402174
page_0560_auto,column_1/line_004,character,False,TN,21,1.037706634963768
page_0560_auto,column_1/line_005,character,False,TN,27,0.9656720776125095
page_0560_auto,column_1/line_006,character,False,TN,11,0.5924822884316769
page_0560_auto,column_1/line_007,character,False,TN,27,0.9625245970764617
page_0560_auto,column_1/line_008,character,False,TN,38,1.065111591233072
page_0560_auto,column_1/line_009,character,False,TN,26,0.9915782436162871
page_0560_auto,column_1/line_010,character,False,TN,33,1.0602314635093169
page_0560_auto,column_1/line_011,character,False,TN,24,0.904891304347826
page_0560_auto,column_1/line_012,empty,True,TP,0,1.04915836352657
page_0560_auto,column_1/line_013,character,False,TN,2,0.23263856353073464
page_0560_auto,column_1/line_014,character,True,FP,0,1.6344725192847125
page_0560_auto,column_1/line_015,character,False,TN,6,0.47980456618788825
page_0560_auto,column_1/line_016,character,False,TN,15,1.4248817431561998
page_0560_auto,column_1/line_017,character,False,TN,22,1.310315430520034
page_0560_auto,column_1/line_018,empty,True,TP,0,0.09258540372670808
page_0560_auto,column_1/line_019,character,False,TN,18,1.1797682421596578
page_0560_auto,column_1/line_020,character,False,TN,23,1.1481733091787438
page_0560_auto,column_1/line_021,character,False,TN,27,1.1391719504830917
page_0560_auto,column_1/line_022,character,False,TN,7,0.29914515398550723
page_0560_auto,column_1/line_023,empty,False,FN,1,0.09347564799331104
page_0560_auto,column_1/line_024,character,False,TN,15,0.890979315029985
page_0560_auto,column_1/line_025,character,False,TN,23,1.0973474555335967
page_0560_auto,column_1/line_026,character,False,TN,15,0.9011360205314008
page_0560_auto,column_1/line_027,character,False,TN,18,0.7948657424465734
page_0560_auto,column_1/line_028,character,False,TN,14,0.45543971335904626
page_0560_auto,column_1/line_029,character,False,TN,21,0.9617722918201916
page_0560_auto,column_1/line_030,character,False,TN,12,0.440761445283714
page_0560_auto,column_1/line_031,character,False,TN,20,1.0
page_0560_auto,column_1/line_032,character,False,TN,20,1.0382133152173914
page_0560_auto,column_1/line_033,character,False,TN,13,1.1188159367007673
page_0560_auto,column_1/line_034,character,False,TN,25,1.0592116051349325
page_0560_auto,column_1/line_035,character,False,TN,21,0.8307382976858345
page_0560_auto,column_1/line_036,character,False,TN,8,0.4882336956521739
page_0560_auto,column_1/line_037,character,False,TN,13,1.0579243925831203
page_0560_auto,column_1/line_038,character,False,TN,15,1.1307206748188405
page_0560_auto,column_1/line_039,character,False,TN,16,1.160175120772947
page_0560_auto,column_1/line_040,character,False,TN,9,0.5122335682744565
page_0560_auto,column_2/line_001,character,False,TN,5,0.5718724876249424
page_0560_auto,column_2/line_002,character,False,TN,20,1.2584616261425243
page_0560_auto,column_2/line_003,character,False,TN,14,0.8139855955552865
page_0560_auto,column_2/line_004,character,False,TN,24,1.336415350669828
page_0560_auto,column_2/line_005,character,False,TN,20,1.2494424180596302
page_0560_auto,column_2/line_006,character,False,TN,17,0.9983587900462353
page_0560_auto,column_2/line_007,character,False,TN,9,0.8609926750462811
page_0560_auto,column_2/line_008,character,False,TN,19,1.2987619907173236
page_0560_auto,column_2/line_009,character,False,TN,14,1.041104919500121
page_0560_auto,column_2/line_010,character,False,TN,10,0.6112338773162165
page_0560_auto,column_2/line_011,empty,True,TP,0,0.4988367445803561
page_0560_auto,column_2/line_012,character,False,TN,3,1.2894986218926658
page_0560_auto,column_2/line_013,character,False,TN,5,0.5643024479229745
page_0560_auto,column_2/line_014,character,False,TN,13,1.072145447890916
page_0560_auto,column_2/line_015,character,False,TN,20,1.2411344162528763
page_0560_auto,column_2/line_016,character,False,TN,2,0.35512288573975914
page_0560_auto,column_2/line_017,character,False,TN,19,1.2818054363547013
page_0560_auto,column_2/line_018,character,False,TN,14,1.1500205485185475
page_0560_auto,column_2/line_019,character,False,TN,12,1.1582266372471843
page_0560_auto,column_2/line_020,character,False,TN,8,0.8187279911959652
page_0560_auto,column_2/line_021,character,False,TN,2,0.388061360815066
page_0560_auto,column_2/line_022,character,False,TN,11,1.064357937828153
page_0560_auto,column_2/line_023,character,False,TN,12,0.7560281644146093
page_0560_auto,column_2/line_024,character,False,TN,2,0.3699801348383984
page_0560_auto,column_2/line_025,character,False,TN,16,1.1823387152790146
page_0560_auto,column_2/line_026,character,False,TN,9,0.6187715242901574
page_0560_auto,column_2/line_027,character,False,TN,21,1.2841604093496426
page_0560_auto,column_2/line_028,character,False,TN,20,1.223659243672036
page_0560_auto,column_2/line_029,character,False,TN,20,1.2674172627147018
page_0560_auto,column_2/line_030,character,False,TN,14,1.2276887934101368
page_0560_auto,column_2/line_031,character,False,TN,17,1.3160161927001333
page_0600_auto,column_1/line_001,empty,True,TP,0,2.2527701513551563
page_0600_auto,column_1/line_002,character,False,TN,17,1.088309280769682
page_0600_auto,column_1/line_003,character,False,TN,6,1.0436604012671593
page_0600_auto,column_1/line_004,character,False,TN,16,1.1157485175858985
page_0600_auto,column_1/line_005,character,False,TN,17,1.087951425554382
page_0600_auto,column_1/line_006,character,False,TN,7,0.4825289267339189
page_0600_auto,column_1/line_007,character,False,TN,1,0.18454593453009502
page_0600_auto,column_1/line_008,character,False,TN,6,0.5680520655992068
page_0600_auto,column_1/line_009,character,False,TN,21,1.030216195187017
page_0600_auto,column_1/line_010,character,False,TN,23,0.8400497812641423
page_0600_auto,column_1/line_011,character,False,TN,17,1.0198951713545163
page_0600_auto,column_1/line_012,character,False,TN,22,0.8953093252740049
page_0600_auto,column_1/line_013,character,False,TN,6,0.5919640971488911
page_0600_auto,column_1/line_014,character,False,TN,15,0.9204372942418781
page_0600_auto,column_1/line_015,character,False,TN,9,0.9830324864898439
page_0600_auto,column_1/line_016,character,False,TN,8,0.4923801478352692
page_0600_auto,column_1/line_017,character,False,TN,18,1.0002956705385426
page_0600_auto,column_1/line_018,character,False,TN,16,0.9997043294614572
page_0600_auto,column_1/line_019,character,False,TN,11,1.1135797254487854
page_0600_auto,column_1/line_020,character,False,TN,5,0.34742117966510777
page_0600_auto,column_1/line_021,character,False,TN,6,0.5263907074973599
page_0600_auto,column_1/line_022,character,False,TN,12,1.0244003905082584
page_0600_auto,column_1/line_023,character,False,TN,10,0.904217106652587
page_0600_auto,column_1/line_024,character,False,TN,16,1.0482982048574445
page_0600_auto,column_1/line_025,character,False,TN,8,0.4609695689737928
page_0600_auto,column_1/line_026,character,False,TN,12,1.0682104478539038
page_0600_auto,column_1/line_027,character,False,TN,17,0.8947435113655309
page_0600_auto,column_1/line_028,character,False,TN,11,0.9593887819119199
page_0600_auto,column_1/line_029,character,False,TN,15,0.7157104305995541
page_0600_auto,column_1/line_030,character,False,TN,7,0.7361740232312565
page_0600_auto,column_1/line_031,character,False,TN,12,1.0861676549427342
page_0600_auto,column_1/line_032,character,False,TN,27,0.9412571555604955
page_0600_auto,column_1/line_033,character,False,TN,3,0.443837803590285
page_0600_auto,column_1/line_034,character,False,TN,24,1.0503766279479057
page_0600_auto,column_1/line_035,character,False,TN,13,0.8606217529039069
page_0600_auto,column_1/line_036,character,False,TN,17,0.8859394037852326
page_0600_auto,column_1/line_037,character,False,TN,11,0.6591601698532881
page_0600_auto,column_1/line_038,character,False,TN,22,0.9665892291446672
page_0600_auto,column_1/line_039,character,False,TN,13,1.1636378035902848
page_0600_auto,column_1/line_040,character,False,TN,25,0.7393431890179513
page_0600_auto,column_1/line_041,character,False,TN,14,1.197276955222539
page_0600_auto,column_1/line_042,character,False,TN,27,0.9145227159959796
page_0600_auto,column_1/line_043,character,False,TN,6,0.372376979936642
page_0600_auto,column_1/line_044,character,False,TN,7,0.484822245688138
page_0600_auto,column_1/line_045,character,False,TN,19,0.9737982144571373
page_0600_auto,column_1/line_046,character,False,TN,8,0.6679725448785638
page_0600_auto,column_1/line_047,empty,True,TP,0,2.4734952481520587
page_0600_auto,column_2/line_001,empty,True,TP,0,2.17980958267872
page_0600_auto,column_2/line_002,character,False,TN,8,1.152236536430834
page_0600_auto,column_2/line_003,character,False,TN,11,1.0516689679967073
page_0600_auto,column_2/line_004,character,False,TN,10,1.0580183205844729
page_0600_auto,column_2/line_005,character,False,TN,18,1.0428453164560954
page_0600_auto,column_2/line_006,character,False,TN,3,0.3328933748121098
page_0600_auto,column_2/line_007,character,False,TN,12,1.210710961696858
page_0600_auto,column_2/line_008,character,False,TN,11,1.224133869514358
page_0600_auto,column_2/line_009,character,False,TN,10,0.9796091470817083
page_0600_auto,column_2/line_010,character,False,TN,10,0.9839768545943114
page_0600_auto,column_2/line_011,character,False,TN,8,0.6604205927475706
page_0600_auto,column_2/line_012,character,False,TN,10,1.0918864364145224
page_0600_auto,column_2/line_013,character,False,TN,15,1.040823229644705
page_0600_auto,column_2/line_014,character,False,TN,6,0.7291397827498283
page_0600_auto,column_2/line_015,character,False,TN,2,0.5253084285319475
page_0600_auto,column_2/line_016,empty,True,TP,0,0.11497780248937339
page_0600_auto,column_2/line_017,character,False,TN,12,1.1153376693093595
page_0600_auto,column_2/line_018,character,False,TN,8,1.052974133120423
page_0600_auto,column_2/line_019,character,False,TN,18,0.8296670141762249
page_0600_auto,column_2/line_020,character,False,TN,14,1.0544263591031486
page_0600_auto,column_2/line_021,character,False,TN,10,1.1298979919471843
page_0600_auto,column_2/line_022,character,False,TN,16,1.1234126080648343
page_0600_auto,column_2/line_023,character,False,TN,10,0.9704178433935708
page_0600_auto,column_2/line_024,character,False,TN,14,1.1029564425765153
page_0600_auto,column_2/line_025,character,False,TN,7,0.6805436810350038
page_0600_auto,column_2/line_026,character,False,TN,7,1.1097580073057371
page_0600_auto,column_2/line_027,character,False,TN,10,0.6698821938864445
page_0600_auto,column_2/line_028,character,False,TN,10,1.0459271065162357
page_0600_auto,column_2/line_029,character,False,TN,16,0.9762390023960579
page_0600_auto,column_2/line_030,character,False,TN,15,1.1385798146016548
page_0600_auto,column_2/line_031,character,False,TN,12,1.1597127428507652
page_0600_auto,column_2/line_032,character,False,TN,2,0.6686614765224242
page_0600_auto,column_2/line_033,character,False,TN,12,1.1482732462805092
page_0600_auto,column_2/line_034,character,False,TN,6,0.5283081435561612
page_0600_auto,column_2/line_035,character,False,TN,15,1.1190466306799844
page_0600_auto,column_2/line_036,character,False,TN,11,0.9744964844051819
page_0600_auto,column_2/line_037,character,False,TN,17,1.005160971334731
page_0600_auto,column_2/line_038,character,False,TN,11,1.110027879626793
page_0600_auto,column_2/line_039,character,False,TN,14,1.08248686859811
page_0600_auto,column_2/line_040,character,False,TN,21,1.1186161262351797
page_0600_auto,column_2/line_041,character,False,TN,17,1.0431785012147903
page_0600_auto,column_2/line_042,character,False,TN,17,0.9007477614374875
page_0600_auto,column_2/line_043,character,False,TN,16,1.0724528034615086
page_0600_auto,column_2/line_044,character,False,TN,11,1.066906976153722
page_0600_auto,column_2/line_045,character,False,TN,6,0.35870954970187
page_0600_auto,column_2/line_046,character,False,TN,19,0.9841570041465988
page_0600_auto,column_2/line_047,character,False,TN,13,1.065272097455151
page_0600_auto,column_2/line_048,character,False,TN,10,1.1234919960031307
page_0600_auto,column_2/line_049,empty,True,TP,0,1.7509150716557929
page_0640_auto,column_1/line_001,character,False,TN,2,0.26179567056018443
page_0640_auto,column_1/line_002,character,False,TN,1,1.5773434326401845
page_0640_auto,column_1/line_003,character,False,TN,37,0.7999561970569703
page_0640_auto,column_1/line_004,character,False,TN,15,1.1511455112230713
page_0640_auto,column_1/line_005,character,False,TN,19,1.2618868379767614
page_0640_auto,column_1/line_006,character,False,TN,19,1.056146640590249
page_0640_auto,column_1/line_007,character,False,TN,14,1.2388028926261547
page_0640_auto,column_1/line_008,character,False,TN,24,1.1302809988321532
page_0640_auto,column_1/line_009,character,False,TN,20,1.1955125778014606
page_0640_auto,column_1/line_010,character,False,TN,21,1.106802916275448
page_0640_auto,column_1/line_011,character,False,TN,23,1.1839531582929288
page_0640_auto,column_1/line_012,character,False,TN,16,1.2349333160113132
page_0640_auto,column_1/line_013,character,False,TN,14,1.0686365443947157
page_0640_auto,column_1/line_014,character,False,TN,22,0.9481432574669441
page_0640_auto,column_1/line_015,character,False,TN,25,1.0850158754719588
page_0640_auto,column_1/line_016,character,False,TN,21,1.0620541963917114
page_0640_auto,column_1/line_017,character,False,TN,27,1.1687004802692234
page_0640_auto,column_1/line_018,character,False,TN,18,0.9922756842915199
page_0640_auto,column_1/line_019,character,False,TN,22,1.2385529695885467
page_0640_auto,column_1/line_020,character,False,TN,20,1.0807507060637194
page_0640_auto,column_1/line_021,character,False,TN,19,1.0862467464321788
page_0640_auto,column_1/line_022,character,False,TN,22,1.033534853762653
page_0640_auto,column_1/line_023,character,False,TN,17,1.0387649306899192
page_0640_auto,column_1/line_024,character,False,TN,16,1.121917207227173
page_0640_auto,column_1/line_025,character,False,TN,19,1.1360220434098092
page_0640_auto,column_1/line_026,character,False,TN,22,1.0593768958513343
page_0640_auto,column_1/line_027,character,False,TN,20,1.154360146294306
page_0640_auto,column_1/line_028,character,False,TN,16,1.0306732349820398
page_0640_auto,column_1/line_029,character,False,TN,24,1.1111432047080696
page_0640_auto,column_1/line_030,character,False,TN,20,1.1311133221797287
page_0640_auto,column_1/line_031,character,False,TN,22,1.096084342000029
page_0640_auto,column_1/line_032,character,False,TN,22,1.176326819281076
page_0640_auto,column_1/line_033,character,False,TN,17,1.1121504570303897
page_0640_auto,column_1/line_034,character,False,TN,19,1.0373259988008903
page_0640_auto,column_1/line_035,character,False,TN,20,1.1294176396987359
page_0640_auto,column_1/line_036,character,False,TN,19,1.0953869005232038
page_0640_auto,column_1/line_037,character,False,TN,7,0.45641120855133493
page_0640_auto,column_1/line_038,character,False,TN,21,0.9988585529675192
page_0640_auto,column_1/line_039,character,False,TN,19,1.2031919838049656
page_0640_auto,column_1/line_040,character,False,TN,16,1.0720042573264852
page_0640_auto,column_1/line_041,character,False,TN,14,1.059629443080837
page_0640_auto,column_1/line_042,character,False,TN,21,1.1093882720904698
page_0640_auto,column_1/line_043,character,False,TN,23,1.1062936980863214
page_0640_auto,column_1/line_044,character,False,TN,27,0.918518189163409
page_0640_auto,column_1/line_045,empty,True,TP,0,1.8166515098989093
page_0640_auto,column_2/line_001,character,False,TN,3,0.3246014886171909
page_0640_auto,column_2/line_002,character,False,TN,1,1.4867305709723944
page_0640_auto,column_2/line_003,character,False,TN,24,0.8769974596433956
page_0640_auto,column_2/line_004,character,False,TN,17,0.8388124643514907
page_0640_auto,column_2/line_005,character,False,TN,27,0.9964806847554276
page_0640_auto,column_2/line_006,character,False,TN,23,0.9197453336083389
page_0640_auto,column_2/line_007,character,False,TN,34,0.947931077702788
page_0640_auto,column_2/line_008,character,False,TN,26,0.9020379585832173
page_0640_auto,column_2/line_009,character,False,TN,20,1.010082666331342
page_0640_auto,column_2/line_010,character,False,TN,28,0.8947707846973505
page_0640_auto,column_2/line_011,character,False,TN,28,0.9169616192416937
page_0640_auto,column_2/line_012,character,False,TN,30,0.9179193289430814
page_0640_auto,column_2/line_013,character,False,TN,32,0.8373107980333486
page_0640_auto,column_2/line_014,character,False,TN,25,0.8388293218539395
page_0640_auto,column_2/line_015,character,False,TN,7,0.313162181662239
page_0640_auto,column_2/line_016,character,False,TN,43,0.9111219259405509
page_0640_auto,column_2/line_017,character,False,TN,40,1.0015007801785576
page_0640_auto,column_2/line_018,character,False,TN,28,0.957566688490276
page_0640_auto,column_2/line_019,character,False,TN,31,0.977735142032325
page_0640_auto,column_2/line_020,character,False,TN,32,0.9686320907099552
page_0640_auto,column_2/line_021,character,False,TN,25,0.9701910725364231
page_0640_auto,column_2/line_022,character,False,TN,28,0.9274323547250068
page_0640_auto,column_2/line_023,character,False,TN,28,0.9504080984707798
page_0640_auto,column_2/line_024,character,False,TN,23,0.7853931911127275
page_0640_auto,column_2/line_025,character,False,TN,21,1.0739092164032122
page_0640_auto,column_2/line_026,character,False,TN,33,0.8700494163891788
page_0640_auto,column_2/line_027,character,False,TN,24,0.9905523483840338
page_0640_auto,column_2/line_028,character,False,TN,21,0.9393000364489853
page_0640_auto,column_2/line_029,character,False,TN,25,0.9777791779570894
page_0640_auto,column_2/line_030,character,False,TN,23,0.9499701611989988
page_0640_auto,column_2/line_031,character,False,TN,30,1.0011414470324809
page_0640_auto,column_2/line_032,character,False,TN,9,0.48818484216698477
page_0640_auto,column_2/line_033,character,False,TN,34,1.0385570108677151
page_0640_auto,column_2/line_034,character,False,TN,21,0.9610758012449311
page_0640_auto,column_2/line_035,character,False,TN,22,0.8180443653651904
page_0640_auto,column_2/line_036,character,False,TN,24,0.9226159254539116
page_0640_auto,column_2/line_037,character,False,TN,33,0.945430772939577
page_0640_auto,column_2/line_038,character,False,TN,38,0.9522971708370358
page_0640_auto,column_2/line_039,character,False,TN,19,0.5804628105718976
page_0640_auto,column_2/line_040,character,False,TN,25,0.9349680023502975
page_0640_auto,column_2/line_041,character,False,TN,43,0.8109262651082477
page_0640_auto,column_2/line_042,character,False,TN,34,0.9370734700030905
page_0640_auto,column_2/line_043,character,False,TN,33,0.9658674603083465
page_0640_auto,column_2/line_044,character,False,TN,23,0.6850085022012096
page_0640_auto,column_2/line_045,empty,False,FN,4,1.383825633023737
