id,source_page,loss,cer,ref_len,multiline,ref,pred
page_0559/line_026,page_0559,0.1035,0.0714,14,False,զկարգ տեղւոյս։,զկարգ տեղւոյյ։
page_0559/line_024,page_0559,0.08,0.1538,39,True,սրբոյ Խաչին։ Միջոց ուտիքն եօթն\nշաբաթ է։,"սրբոյ Խաչին։ Միջոց ուտիքն եօթն
շա�"
page_0543/line_001,page_0543,0.0315,0.431,58,True,Մետասաներորդ Կիւրակէ։ Հարց Յա-\nրութեան։ Ճաշու սաղ. ԿԴ. Քեզ,"Մետասաներորդ Կիւրակէ։ Հարց Յա-
րո�"
page_0543/line_043,page_0543,0.0083,0.0833,36,False,Նոր սիոն ծնեալ։ Զկնի՝ Սուրբ զաստուա-,Նոր սիոն ծնեալ։ Զկնի՝ Սուրբ զաստո�
page_0559/line_001,page_0559,0.0062,0.0571,35,False,Տէս յԱռաջին Հատորն մինչև ՚ի չորրորդ,Տէս յԱռաջին Հատորն մինչև ՚ի չորրո�
page_0559/line_069,page_0559,0.0035,0.0,36,False,"5. Շբ. ԲՁ. Նիկողայոսի, —— եւ Գրիգորի","5. Շբ. ԲՁ. Նիկողայոսի, —— եւ Գրիգորի"
page_0543/line_057,page_0543,0.0032,0.0,33,False,աստւոած յիշեա։ Սաղ. ՃԽԴ. Արքայու-,աստւոած յիշեա։ Սաղ. ՃԽԴ. Արքայու-
page_0543/line_033,page_0543,0.003,0.0556,36,False,"Արարչական, ըստ պատշաճին. եթէ ՚ի Կիւ-","Արարչական, ըստ պատշաճին. եթէ ՚ի Կի�"
page_0051/line_026,page_0051,0.0028,0.1282,39,False,Սաղմոս ՚ի Դաւիթ. առ ՚ի յիշատակ շաբաթու։,Սաղմոս ՚ի Դաւիթ. առ ՚ի յիշատակ շաբ�
page_0051/line_025,page_0051,0.0028,0.0,10,False,ՍԱՂՄՈՍ ԼԷ.,ՍԱՂՄՈՍ ԼԷ.
page_0300/line_055,page_0300,0.0023,0.0,33,False,"Քարոզ՝ Ծննդեան Քրիսոտոսի, եւ Աւե-","Քարոզ՝ Ծննդեան Քրիսոտոսի, եւ Աւե-"
page_0543/line_056,page_0543,0.0017,0.0294,34,False,րութեան։ Ճաշու շարական գձ. Քրիստոս,րութեան։ Ճաշու շարական գձ. Քրիստո�
page_0543/line_041,page_0543,0.0017,0.0833,36,False,մութիւնք։ Յերեկոյին Մեսե. Իջցէ որպէս,մութիւնք։ Յերեկոյին Մեսե. Իջցէ որ�
page_0543/line_042,page_0543,0.0016,0.0556,36,False,"զանձրեւ։ Քարոզ, Մայր սուրբ։ Հմբ. դձ.","զանձրեւ։ Քարոզ, Մայր սուրբ։ Հմբ. դ�"
page_0499/line_092,page_0499,0.0013,0.0,34,False,նմեմ։ Գործք. ԻԷ. 1. Իբրեւ հրամայե-,նմեմ։ Գործք. ԻԷ. 1. Իբրեւ հրամայե-
page_0543/line_052,page_0543,0.0013,0.0,34,False,"Եւ ապա պահք Յիսնակամտին, բայց տօնք","Եւ ապա պահք Յիսնակամտին, բայց տօնք"
page_0251/line_033,page_0251,0.0012,0.0,22,False,եւ միշտ. Ալէլուա. ալէ.,եւ միշտ. Ալէլուա. ալէ.
page_0543/line_004,page_0543,0.0011,0.0,32,False,Արաքեալն Փիլիպ. Դ. 8. Այսուհետեւ,Արաքեալն Փիլիպ. Դ. 8. Այսուհետեւ
page_0543/line_030,page_0543,0.0011,0.0,34,False,1 ահիւն աստուծոյ։ Ալէ. Հոգին սուրբ,1 ահիւն աստուծոյ։ Ալէ. Հոգին սուրբ
page_0559/line_053,page_0559,0.001,0.0,31,False,16. Բշ. ԴԿ. Պահք Յիսնակաց. հարց,16. Բշ. ԴԿ. Պահք Յիսնակաց. հարց
page_0559/line_028,page_0559,0.001,0.0,33,False,11. Կիր. ԲԿ. հինգերորդ։ համբ. բկ.,11. Կիր. ԲԿ. հինգերորդ։ համբ. բկ.
page_0451/line_013,page_0451,0.0008,0.0,24,False,եւ թշնամեաց իմոց եւ ատե-,եւ թշնամեաց իմոց եւ ատե-
page_0559/line_002,page_0559,0.0008,0.0,32,False,"Կիւրակէն, պահելով զկարգ տեղւոյս։","Կիւրակէն, պահելով զկարգ տեղւոյս։"
page_0559/line_073,page_0559,0.0008,0.0278,36,False,6. Կիր. ԲԿ. Երրորդ։ Բարեկենդան սուրբ,6. Կիր. ԲԿ. Երրորդ։ Բարեկենդան սուր�
page_0559/line_008,page_0559,0.0008,0.0,33,False,7. Բշ. ԱԿ. Պահք սուրբ Խաչին։ Հարց,7. Բշ. ԱԿ. Պահք սուրբ Խաչին։ Հարց
page_0543/line_087,page_0543,0.0007,0.0,30,False,Իմաստոթեամբ. վ. 18. շնորհք ընդ,Իմաստոթեամբ. վ. 18. շնորհք ընդ
page_0559/line_066,page_0559,0.0007,0.0,9,False,Դեկտեմբեր,Դեկտեմբեր
page_0451/line_024,page_0451,0.0007,0.0,24,False,"ըւ յովհաննու մկրտչին, եւ","ըւ յովհաննու մկրտչին, եւ"
page_0559/line_040,page_0559,0.0007,0.0,34,False,31. Շբ. ԴԿ. Ամենայն Սրբոց՝ հնոց եւ,31. Շբ. ԴԿ. Ամենայն Սրբոց՝ հնոց եւ
page_0499/line_071,page_0499,0.0007,0.0,30,False,Սաղ. ՃԼԹ. Ապրեցո։ Տէր կարդացի.,Սաղ. ՃԼԹ. Ապրեցո։ Տէր կարդացի.
page_0499/line_050,page_0499,0.0007,0.0,32,False,Առ գետս. Խոստովան. Տէր փորձեցեր։,Առ գետս. Խոստովան. Տէր փորձեցեր։
page_0200/line_003,page_0200,0.0007,0.0,13,False,գլխոց լերանց։,գլխոց լերանց։
page_0543/line_047,page_0543,0.0007,0.1905,42,False,"Աստի եւս մինչեւ ՚ի վերջն, թէպէտ դնին տօնքդ","Աստի եւս մինչեւ ՚ի վերջն, թէպէտ դն�"
page_0559/line_038,page_0559,0.0006,0.0,31,False,28. Դշ. ԳՁ. հարց դձ հարցն մերոց,28. Դշ. ԳՁ. հարց դձ հարցն մերոց
page_0543/line_048,page_0543,0.0006,0.2609,46,False,և միջոցդ իբրեւ անշարժք. սակայն ոմանք տօնք շար-,և միջոցդ իբրեւ անշարժք. սակայն ոմա
page_0559/line_005,page_0559,0.0006,0.0,27,False,սուրբ Խաչի պահոցն։ Հարց գկ.,սուրբ Խաչի պահոցն։ Հարց գկ.
page_0543/line_074,page_0543,0.0006,0.0,34,False,գոհութեամբ։ Ալէ. ՚ի ձայնէն։ Աւետա-,գոհութեամբ։ Ալէ. ՚ի ձայնէն։ Աւետա-
page_0559/line_070,page_0559,0.0006,0.0,27,False,"սքանչեալգործ հայրապետացն, և","սքանչեալգործ հայրապետացն, և"
page_0499/line_030,page_0499,0.0006,0.0,36,False,ԻԴ. 27. Եւ ՚ի կատարիլ երկուց. վ. ԻԵ.,ԻԴ. 27. Եւ ՚ի կատարիլ երկուց. վ. ԻԵ.
page_0543/line_080,page_0543,0.0006,0.0,36,False,քեալն Կողոս. Գ. 15. Եղբարք գոհացողք.,քեալն Կողոս. Գ. 15. Եղբարք գոհացողք.
page_0543/line_053,page_0543,0.0006,0.0,7,False,ոչ գոն։,ոչ գոն։
page_0051/line_037,page_0051,0.0006,0.0,23,False,"Նեխեցան փտեցան վէրք իմ,","Նեխեցան փտեցան վէրք իմ,"
page_0559/line_013,page_0559,0.0006,0.0,34,False,13. Կիր. ԴԿ. Խաչվերաց։ Տես յԱռաջին,13. Կիր. ԴԿ. Խաչվերաց։ Տես յԱռաջին
page_0335/line_031,page_0335,0.0006,0.0,15,False,զկնի Ողորմեաին։,զկնի Ողորմեաին։
page_0499/line_043,page_0499,0.0006,0.0,33,False,Գան միւսանգամ. վ. ԺԲ. 17. եւ զար-,Գան միւսանգամ. վ. ԺԲ. 17. եւ զար-
page_0559/line_067,page_0559,0.0006,0.0,31,False,2. Դշ ԴԿ. հարց աղց. դկ. Օրհնեալ,2. Դշ ԴԿ. հարց աղց. դկ. Օրհնեալ
page_0200/line_005,page_0200,0.0005,0.0,23,False,"պտուղ նորա, եւ ծաղկեսցի","պտուղ նորա, եւ ծաղկեսցի"
page_0300/line_052,page_0300,0.0005,0.0,30,False,"և այլն, տես ՚ի վերայ երես 295։","և այլն, տես ՚ի վերայ երես 295։"
page_0499/line_012,page_0499,0.0005,0.0,33,False,ընդ նմա։ Սաղ. ԽԶ. Համբարձաւ։ Կաթ.,ընդ նմա։ Սաղ. ԽԶ. Համբարձաւ։ Կաթ.
page_0451/line_058,page_0451,0.0005,0.0,24,False,կամ աւուրս շնորհիւ։ Լուր,կամ աւուրս շնորհիւ։ Լուր
page_0559/line_003,page_0559,0.0005,0.0,9,False,Սեպտեմբեր,Սեպտեմբեր
page_0543/line_040,page_0543,0.0005,0.0571,35,False,"աւուր պատշաճին։ Սրբասացութիւն, Բազ-","աւուր պատշաճին։ Սրբասացութիւն, Բա"
page_0499/line_076,page_0499,0.0005,0.0,33,False,ԱԼէ. սաղ. ԻԳ. Համբարձէք։ Աւետարան,ԱԼէ. սաղ. ԻԳ. Համբարձէք։ Աւետարան
page_0200/line_025,page_0200,0.0005,0.0,18,False,բերանով իմով. ալէ-,բերանով իմով. ալէ-
page_0499/line_029,page_0499,0.0005,0.0,33,False,նեցէք. Օրհնեցէք. Խոստովան։ Գործք.,նեցէք. Օրհնեցէք. Խոստովան։ Գործք.
page_0559/line_090,page_0559,0.0005,0.0,32,False,23. Դշ. ԳՁ. հարց դկ. Օրհնեալ տէր,23. Դշ. ԳՁ. հարց դկ. Օրհնեալ տէր
page_0543/line_085,page_0543,0.0005,0.0,31,False,շարական դկ. Որ յանէից։ Սաղ. ՂԷ.,շարական դկ. Որ յանէից։ Սաղ. ՂԷ.
page_0543/line_079,page_0543,0.0005,0.0,33,False,Ճաշու սաղ. ՂԸ. Բարձր արարէք։ Առա-,Ճաշու սաղ. ՂԸ. Բարձր արարէք։ Առա-
page_0499/line_052,page_0499,0.0005,0.0,34,False,՚ի վաղիւ լուիցես։ Սաղ. ԽԶ. Համբար-,՚ի վաղիւ լուիցես։ Սաղ. ԽԶ. Համբար-
page_0559/line_018,page_0559,0.0005,0.0,31,False,21. Բշ. ԴԿ. Պահք Վարագայ Խաչին։,21. Բշ. ԴԿ. Պահք Վարագայ Խաչին։
page_0499/line_003,page_0499,0.0005,0.0,33,False,ժ. 46. Եւ գան յերիքով. վ. ԺԱ. 11.,ժ. 46. Եւ գան յերիքով. վ. ԺԱ. 11.
page_0559/line_017,page_0559,0.0005,0.0,6,False,հագին։,հագին։
page_0335/line_032,page_0335,0.0005,0.0,24,False,Օրհնեմք ըզքեզ հայր անըս-,Օրհնեմք ըզքեզ հայր անըս-
page_0559/line_042,page_0559,0.0005,0.0,28,False,Տես և զայլ մնացեալսն յԱռաջին,Տես և զայլ մնացեալսն յԱռաջին
page_0559/line_085,page_0559,0.0005,0.0,28,False,ցեալ։ և Սքանչելի։ և հրաշալի։,ցեալ։ և Սքանչելի։ և հրաշալի։
page_0499/line_084,page_0499,0.0005,0.0,31,False,աւետարան Մարկ. ԺԲ. 35. Պատասխա-,աւետարան Մարկ. ԺԲ. 35. Պատասխա-
page_0543/line_049,page_0543,0.0004,0.2609,46,False,ժին երբեմն. եւ զկնի սուրբ Յակոբայ միջոցն յաւե-,ժին երբեմն. եւ զկնի սուրբ Յակոբայ �
page_0559/line_011,page_0559,0.0004,0.0,32,False,8. Գշ. ԲՁ. Տօն ծննդեան սուրբ Աս-,8. Գշ. ԲՁ. Տօն ծննդեան սուրբ Աս-
page_0559/line_043,page_0559,0.0004,0.0,31,False,"հատորն մինչեւ ՚ի վերջն, պահելով","հատորն մինչեւ ՚ի վերջն, պահելով"
page_0499/line_054,page_0499,0.0004,0.0,36,False,սուսի. վ. 7. ընկալեալ դատաստան։ Ալէ.,սուսի. վ. 7. ընկալեալ դատաստան։ Ալէ.
page_0300/line_014,page_0300,0.0004,0.0,31,False,Քարոզ՝ մարտիրոսաց եւ ճգնաւորաց։,Քարոզ՝ մարտիրոսաց եւ ճգնաւորաց։
page_0499/line_051,page_0499,0.0004,0.0,34,False,Գործք. ԻԵ. 13. Իբրեւ անցին. վ. 22.,Գործք. ԻԵ. 13. Իբրեւ անցին. վ. 22.
page_0543/line_013,page_0543,0.0004,0.0286,35,False,Որ նախիմաց. իւր սարօքն։ Իսկ յառաւօ-,Որ նախիմաց. իւր սարօքն։ Իսկ յառաւօ
page_0559/line_064,page_0559,0.0004,0.0,28,False,նըսկիզբն բանդ։ Համբ. գձ. Փա-,նըսկիզբն բանդ։ Համբ. գձ. Փա-
page_0559/line_023,page_0559,0.0004,0.0,32,False,27. Կիր. ԳԿ. Երրորդ։ Տօն Վարագայ,27. Կիր. ԳԿ. Երրորդ։ Տօն Վարագայ
page_0499/line_011,page_0499,0.0004,0.0,32,False,Եւ յետ հինգ աւուրց. վ. 20. խօսէր,Եւ յետ հինգ աւուրց. վ. 20. խօսէր
page_0559/line_021,page_0559,0.0004,0.0,32,False,23. Դշ. ԱԿ. հարց դձ. հարցն մերոց,23. Դշ. ԱԿ. հարց դձ. հարցն մերոց
page_0451/line_010,page_0451,0.0004,0.0,25,False,"քեզ, իմոց և օտարաց. ծանօ-","քեզ, իմոց և օտարաց. ծանօ-"
page_0543/line_012,page_0543,0.0004,0.0,32,False,կոյին նախատօնակ արա։ Շարական ակ.,կոյին նախատօնակ արա։ Շարական ակ.
page_0543/line_061,page_0543,0.0004,0.0,37,False,Ղուկ. ԺԱ. 14. Եւ հանէր դեւ մի. վ. 23.,Ղուկ. ԺԱ. 14. Եւ հանէր դեւ մի. վ. 23.
page_0451/line_029,page_0451,0.0004,0.0,23,False,"վարդապետաց, մարտիրոսաց,","վարդապետաց, մարտիրոսաց,"
page_0499/line_032,page_0499,0.0004,0.0,34,False,Համբարձաւ։ Կաթ. դ. Յովհ. Ա. 1. Յե-,Համբարձաւ։ Կաթ. դ. Յովհ. Ա. 1. Յե-
page_0499/line_077,page_0499,0.0004,0.0,31,False,Յովհ. ԺԳ. 1. Յառաջագոյն քան. վ.,Յովհ. ԺԳ. 1. Յառաջագոյն քան. վ.
page_0499/line_031,page_0499,0.0004,0.0,30,False,12. առ կայսր երթիջիր։ Սաղ. ԽԶ.,12. առ կայսր երթիջիր։ Սաղ. ԽԶ.
page_0543/line_058,page_0543,0.0004,0.0,33,False,թիւն։ Առաքեալն Կողոս. Ա. 1. Պօղոս,թիւն։ Առաքեալն Կողոս. Ա. 1. Պօղոս
page_0200/line_038,page_0200,0.0004,0.0,23,False,ճշմարտութիւն քո յեկեցե-,ճշմարտութիւն քո յեկեցե-
page_0559/line_048,page_0559,0.0004,0.0,35,False,8. Կիր. ԴԿ. Իններորդ։ Համբ. դկ. հը-,8. Կիր. ԴԿ. Իններորդ։ Համբ. դկ. հը-
page_0200/line_061,page_0200,0.0004,0.0,24,False,"տեսցէ զմահ, կամ փըրկեսցէ","տեսցէ զմահ, կամ փըրկեսցէ"
page_0543/line_018,page_0543,0.0004,0.0,34,False,"ԿԷ. Տէր տացէ զբան. փոխ, Յարիցէ աս-","ԿԷ. Տէր տացէ զբան. փոխ, Յարիցէ աս-"
page_0543/line_070,page_0543,0.0004,0.0,31,False,Չորեքշաբաթ. հարց ապաշխարութեան։,Չորեքշաբաթ. հարց ապաշխարութեան։
page_0559/line_061,page_0559,0.0004,0.0,31,False,23. Բշ. ԴՁ. Յուլիանեայ եւ Վասի-,23. Բշ. ԴՁ. Յուլիանեայ եւ Վասի-
page_0559/line_030,page_0559,0.0004,0.0,34,False,18. Կիր. ԲՁ. Վեցերորդ։ Համբ. բձ. Ի,18. Կիր. ԲՁ. Վեցերորդ։ Համբ. բձ. Ի
page_0499/line_072,page_0499,0.0004,0.0,34,False,Ձայնիւ։ Գործք. ԻԵ. 23. Եւ ՚ի վաղիւ,Ձայնիւ։ Գործք. ԻԵ. 23. Եւ ՚ի վաղիւ
page_0499/line_028,page_0499,0.0004,0.0,32,False,ողորմութեամբ։ Սաղ. ՃԼԴ. Աստ օրհ-,ողորմութեամբ։ Սաղ. ՃԼԴ. Աստ օրհ-
page_0051/line_045,page_0051,0.0004,0.0,24,False,Չարչարեցայ եւ խոնարհ եղէ,Չարչարեցայ եւ խոնարհ եղէ
page_0051/line_001,page_0051,0.0004,0.0,25,False,"զերկիր, եւ զսատակումն մե-","զերկիր, եւ զսատակումն մե-"
page_0543/line_007,page_0543,0.0004,0.0,32,False,ԺԱ. 1. Եւ եղեւ ՚ի տեղւոջ. վ. 13.,ԺԱ. 1. Եւ եղեւ ՚ի տեղւոջ. վ. 13.
page_0335/line_015,page_0335,0.0004,0.0,22,False,Պատարագ աստուծոյ՝ հոգի,Պատարագ աստուծոյ՝ հոգի
page_0335/line_012,page_0335,0.0004,0.0,22,False,"րագս մատուցանեմք, բայց","րագս մատուցանեմք, բայց"
page_0559/line_015,page_0559,0.0004,0.0,27,False,"կէն, պահելով զկարգ տեղւոյս։","կէն, պահելով զկարգ տեղւոյս։"
page_0499/line_093,page_0499,0.0004,0.0,32,False,ցաւ. վ. ԻԸ. 16. պահապանաւ իւրով։,ցաւ. վ. ԻԸ. 16. պահապանաւ իւրով։
page_0499/line_059,page_0499,0.0004,0.0,32,False,ԻԲ. 1. Դարձեալ պատասխանի. վ. 14.,ԻԲ. 1. Դարձեալ պատասխանի. վ. 14.
page_0300/line_057,page_0300,0.0004,0.0,15,False,Տեառնընդառաջին։,Տեառնընդառաջին։
page_0499/line_024,page_0499,0.0004,0.0,32,False,Երեքշաբաթ. ահ. գձ. Օգնական։ Հարց,Երեքշաբաթ. ահ. գձ. Օգնական։ Հարց
page_0335/line_033,page_0335,0.0003,0.0,26,False,"կիզբն էից էակ ՚ի յանգոյից,","կիզբն էից էակ ՚ի յանգոյից,"
page_0559/line_034,page_0559,0.0003,0.0,6,False,տօն է։,տօն է։
page_0543/line_055,page_0543,0.0003,0.0,30,False,Երկուշաբաթ պահոց. Հարց ապաշխա-,Երկուշաբաթ պահոց. Հարց ապաշխա-
page_0499/line_015,page_0499,0.0003,0.0,32,False,բարձէք։ Աւետարան Յովհ. ԺԲ. 24 Ա-,բարձէք։ Աւետարան Յովհ. ԺԲ. 24 Ա-
page_0499/line_063,page_0499,0.0003,0.0,32,False,տոս։ Արձակման աւետարան Մարկ. ԺԲ.,տոս։ Արձակման աւետարան Մարկ. ԺԲ.
page_0051/line_018,page_0051,0.0003,0.0,25,False,Օգնեսցէ նոցա տէր և փրկես-,Օգնեսցէ նոցա տէր և փրկես-
page_0499/line_018,page_0499,0.0003,0.0,34,False,ԻԱ. 18. Եւ այգուցն. վ. 32. հաւատալ,ԻԱ. 18. Եւ այգուցն. վ. 32. հաւատալ
page_0051/line_058,page_0051,0.0003,0.0,22,False,"կացին, եւ մերձաւորք իմ","կացին, եւ մերձաւորք իմ"
page_0499/line_074,page_0499,0.0003,0.0,34,False,Կաթ. Յուդայ. Ա. 8. Ըստ նմին օրինա-,Կաթ. Յուդայ. Ա. 8. Ըստ նմին օրինա-
page_0251/line_043,page_0251,0.0003,0.0,24,False,յելչութիւն ըզգեցաւ։ Զգե-,յելչութիւն ըզգեցաւ։ Զգե-
page_0200/line_030,page_0200,0.0003,0.0,23,False,"Եդի ուխտ ընտրելոց իմոց,","Եդի ուխտ ընտրելոց իմոց,"
page_0543/line_060,page_0543,0.0003,0.0,30,False,Ալէ. Եկայք ցնծասցուք։ Աւետարան,Ալէ. Եկայք ցնծասցուք։ Աւետարան
page_0559/line_057,page_0559,0.0003,0.0,34,False,22. Կիր. ԳԿ. Առաջին։ Հարց աձ. Օրհ-,22. Կիր. ԳԿ. Առաջին։ Հարց աձ. Օրհ-
page_0543/line_089,page_0543,0.0003,0.0,35,False,ԺԲ. 1. Որովք ՚ի կուտիլ. վ. 12. պարտ,ԺԲ. 1. Որովք ՚ի կուտիլ. վ. 12. պարտ
page_0335/line_011,page_0335,0.0003,0.0,21,False,Թէ կամեցեալ էիր պատա-,Թէ կամեցեալ էիր պատա-
page_0543/line_083,page_0543,0.0003,0.0,34,False,այնորիկ. վ. 54. չարախօսէին զնմանէ։,այնորիկ. վ. 54. չարախօսէին զնմանէ։
page_0499/line_035,page_0499,0.0003,0.0,36,False,Յովհ. ԺԲ. 27. Բայց այժմ անձն. վ. 43.,Յովհ. ԺԲ. 27. Բայց այժմ անձն. վ. 43.
page_0051/line_039,page_0051,0.0003,0.0,5,False,իմոյ։,իմոյ։
page_0559/line_014,page_0559,0.0003,0.0,33,False,հատորն մինչեւ ՚ի տասներորդ Կիւրա-,հատորն մինչեւ ՚ի տասներորդ Կիւրա-
page_0451/line_025,page_0451,0.0003,0.0,22,False,սրբոյն ստեփանոսի նախա-,սրբոյն ստեփանոսի նախա-
page_0251/line_047,page_0251,0.0003,0.0,21,False,Փառք եւ երկրպագ. այժմ,Փառք եւ երկրպագ. այժմ
page_0559/line_049,page_0559,0.0003,0.0,28,False,"րեշտակացն, և հրեշտակ քո տէր։","րեշտակացն, և հրեշտակ քո տէր։"
page_0499/line_055,page_0499,0.0003,0.0,34,False,սաղ. ԻԳ. Համբարձէք։ Աւետարան Յովհ.,սաղ. ԻԳ. Համբարձէք։ Աւետարան Յովհ.
page_0499/line_005,page_0499,0.0003,0.0,33,False,"Երկուշաբաթ. ահ, բկ. Փարաւոն։ Հարց","Երկուշաբաթ. ահ, բկ. Փարաւոն։ Հարց"
page_0200/line_060,page_0200,0.0003,0.0,24,False,Ով է մարդ որ կեցցէ եւ ոչ,Ով է մարդ որ կեցցէ եւ ոչ
page_0335/line_035,page_0335,0.0003,0.0,26,False,ղոյ և ստեղծեր մարդ ՚ի պատ-,ղոյ և ստեղծեր մարդ ՚ի պատ-
page_0559/line_047,page_0559,0.0003,0.0,6,False,անճառ։,անճառ։
page_0051/line_008,page_0051,0.0003,0.0,20,False,Պահեա զանբծութիւն եւ,Պահեա զանբծութիւն եւ
page_0051/line_040,page_0051,0.0003,0.0,22,False,Տառապեցայ եւ խոնարհ ե-,Տառապեցայ եւ խոնարհ ե-
page_0543/line_081,page_0543,0.0003,0.0,35,False,վ. Դ. 4. ինձ խօսիլ։ Ալէ. Բարձր արա-,վ. Դ. 4. ինձ խօսիլ։ Ալէ. Բարձր արա-
page_0499/line_014,page_0499,0.0003,0.0,33,False,նորհք ընդ ձեզ։ Ալէ. սաղ. ԻԳ. Համ-,նորհք ընդ ձեզ։ Ալէ. սաղ. ԻԳ. Համ-
page_0499/line_020,page_0499,0.0003,0.0,31,False,առաջի։ Հմբ. դձ. Որք տնկակիցք. և,առաջի։ Հմբ. դձ. Որք տնկակիցք. և
page_0300/line_027,page_0300,0.0003,0.0,26,False,ծոյ. զի խաղաղասցին խռովու-,ծոյ. զի խաղաղասցին խռովու-
page_0559/line_059,page_0559,0.0003,0.0,24,False,Ըզքո յարութիւնդ. և Առեալ,Ըզքո յարութիւնդ. և Առեալ
page_0499/line_073,page_0499,0.0003,0.0,33,False,անդր վ. ԻԶ. 32. բողոքել ՚ի կայսր.,անդր վ. ԻԶ. 32. բողոքել ՚ի կայսր.
page_0300/line_029,page_0300,0.0003,0.0,25,False,ձակմունըք թըշնամեաց. տըն-,ձակմունըք թըշնամեաց. տըն-
page_0543/line_090,page_0543,0.0003,0.0,10,False,իցէ խօսիլ։,իցէ խօսիլ։
page_0559/line_079,page_0559,0.0003,0.0,33,False,13. Կիր. ԲՁ. Չորրորդ։ Հարց բկ. Որ,13. Կիր. ԲՁ. Չորրորդ։ Հարց բկ. Որ
page_0559/line_075,page_0559,0.0003,0.0,26,False,թագաւորդ ես։ Հմբ. բկ. Կան-,թագաւորդ ես։ Հմբ. բկ. Կան-
page_0543/line_019,page_0543,0.0003,0.0,32,False,տուած։ Գիրք Երգ երգոց Ա. 1. Համ-,տուած։ Գիրք Երգ երգոց Ա. 1. Համ-
page_0499/line_019,page_0499,0.0003,0.0,32,False,"նմա։ Մեսեդի, Երգեցէք տեառն. Մտէք","նմա։ Մեսեդի, Երգեցէք տեառն. Մտէք"
page_0543/line_072,page_0543,0.0003,0.0,34,False,Սաղ. ՁԵ. Կեցո զծառայս քո։ Առաքեալն,Սաղ. ՁԵ. Կեցո զծառայս քո։ Առաքեալն
page_0543/line_065,page_0543,0.0003,0.0,36,False,սուրբ քո։ Առաքեալն Կողոս. Ա. 12. Եղ-,սուրբ քո։ Առաքեալն Կողոս. Ա. 12. Եղ-
page_0200/line_024,page_0200,0.0003,0.0,24,False,մեցից ըզճշմարտութիւնս քո,մեցից ըզճշմարտութիւնս քո
page_0559/line_033,page_0559,0.0003,0.0,33,False,25. Կիր. ԱԿ. Եօթներորդ։ Գիւտ Խաչի,25. Կիր. ԱԿ. Եօթներորդ։ Գիւտ Խաչի
page_0335/line_004,page_0335,0.0003,0.0,21,False,"Փրկեա զիս յարենէ, աս-","Փրկեա զիս յարենէ, աս-"
page_0051/line_031,page_0051,0.0003,0.0,25,False,Ոչ գոյ բժշկութիւն մարմնոյ,Ոչ գոյ բժշկութիւն մարմնոյ
page_0499/line_068,page_0499,0.0003,0.0,31,False,աւետարան Ղուկ. Ի. 28. Մատուցեալ,աւետարան Ղուկ. Ի. 28. Մատուցեալ
page_0499/line_080,page_0499,0.0003,0.0,31,False,ԻԲ. 16. Յայնժամ գնացեալ. վ. 46.,ԻԲ. 16. Յայնժամ գնացեալ. վ. 46.
page_0543/line_044,page_0543,0.0003,0.0,31,False,"ծածինն. Կեցո։ Աղօթք, Ընկալ տէր։","ծածինն. Կեցո։ Աղօթք, Ընկալ տէր։"
page_0559/line_050,page_0559,0.0003,0.0,33,False,15. Կիր ԴՁ. Տասներորդ։ Բարեկենդան,15. Կիր ԴՁ. Տասներորդ։ Բարեկենդան
page_0451/line_033,page_0451,0.0003,0.0,24,False,ւորաց։ Եւ քեզ փառք և եր-,ւորաց։ Եւ քեզ փառք և եր-
page_0451/line_042,page_0451,0.0003,0.0,6,False,Քարոզ։,Քարոզ։
page_0499/line_038,page_0499,0.0003,0.0,33,False,ԻԱ. 33. Այլ առակ լուարուք. վ. 46.,ԻԱ. 33. Այլ առակ լուարուք. վ. 46.
page_0543/line_002,page_0543,0.0003,0.0,33,False,վայել է։ Մարգարէ Եսայ. ԻԹ. 11. Եւ,վայել է։ Մարգարէ Եսայ. ԻԹ. 11. Եւ
page_0543/line_082,page_0543,0.0003,0.0,32,False,րէք։ Աւետարան Ղուկ. ԺԱ. 49. Վասն,րէք։ Աւետարան Ղուկ. ԺԱ. 49. Վասն
page_0559/line_004,page_0559,0.0003,0.0,31,False,6. Կիր. ԱՁ. Չորրորդ։ Բարեկենդան,6. Կիր. ԱՁ. Չորրորդ։ Բարեկենդան
page_0559/line_044,page_0559,0.0003,0.0,14,False,զկարգ տեղւոյս։,զկարգ տեղւոյս։
page_0543/line_078,page_0543,0.0003,0.0,30,False,Հինգշաբաթ. հարց ապաշխարութեան։,Հինգշաբաթ. հարց ապաշխարութեան։
page_0559/line_081,page_0559,0.0003,0.0,6,False,ճացան։,ճացան։
page_0300/line_024,page_0300,0.0003,0.0,23,False,Զճգնութիւն սրբոց մարտի-,Զճգնութիւն սրբոց մարտի-
page_0300/line_065,page_0300,0.0002,0.0,21,False,"ւած, որ խոնարհեցաւ ՚ի","ւած, որ խոնարհեցաւ ՚ի"
page_0451/line_020,page_0451,0.0002,0.0,26,False,"զաղաչանս ծառայիս քո, և կա-","զաղաչանս ծառայիս քո, և կա-"
page_0051/line_015,page_0051,0.0002,0.0,21,False,տեառնէ է. վերակացու է,տեառնէ է. վերակացու է
page_0543/line_003,page_0543,0.0002,0.0,36,False,եղիցին ձեզ. վ. 20. անօրէնք ՚ի չարիս։,եղիցին ձեզ. վ. 20. անօրէնք ՚ի չարիս։
page_0251/line_039,page_0251,0.0002,0.0,23,False,նորա։ Փախեան ատելիք նո-,նորա։ Փախեան ատելիք նո-
page_0559/line_019,page_0559,0.0002,0.0,28,False,"Մամասայ, եւայլն։ Հարց գձ. Ա-","Մամասայ, եւայլն։ Հարց գձ. Ա-"
page_0300/line_059,page_0300,0.0002,0.0,25,False,"նի քում կրեցեր, եւ ցնծու-","նի քում կրեցեր, եւ ցնծու-"
page_0451/line_053,page_0451,0.0002,0.0,24,False,բարեխօսութեամբ սուրբ աս-,բարեխօսութեամբ սուրբ աս-
page_0451/line_062,page_0451,0.0002,0.0,20,False,թեամբ փառաւորել զքեզ,թեամբ փառաւորել զքեզ
page_0543/line_086,page_0543,0.0002,0.0,36,False,Տեսին ամենայն։ Առաքեալն Կողոս. Դ. 5.,Տեսին ամենայն։ Առաքեալն Կողոս. Դ. 5.
page_0543/line_076,page_0543,0.0002,0.0,18,False,վ. 42. ոչ անցանել։,վ. 42. ոչ անցանել։
page_0559/line_083,page_0559,0.0002,0.0,35,False,20. Կիր. ԱԿ. հինգերորդ։ Հարց գձ. Որ,20. Կիր. ԱԿ. հինգերորդ։ Հարց գձ. Որ
page_0499/line_070,page_0499,0.0002,0.0,31,False,Ճաշու շարական աձ. Որ համբաձաւն։,Ճաշու շարական աձ. Որ համբաձաւն։
page_0451/line_011,page_0451,0.0002,0.0,23,False,"թից և անծանօթից, կենդա-","թից և անծանօթից, կենդա-"
page_0451/line_038,page_0451,0.0002,0.0,22,False,Վասն սրբուհւոյ աստուա-,Վասն սրբուհւոյ աստուա-
page_0543/line_037,page_0543,0.0002,0.0,32,False,"Ճաշու ժամամուտ, Աստուածածին զքեզ","Ճաշու ժամամուտ, Աստուածածին զքեզ"
page_0559/line_029,page_0559,0.0002,0.0,28,False,"Քրիստոս յարեաւ, և Առաւօտեան։","Քրիստոս յարեաւ, և Առաւօտեան։"
page_0200/line_045,page_0200,0.0002,0.0,16,False,լուիա. ալէլուիա։,լուիա. ալէլուիա։
page_0499/line_053,page_0499,0.0002,0.0,32,False,ձաւ։ Կաթ. Յուդա. Ա. 1. Յուդա յի-,ձաւ։ Կաթ. Յուդա. Ա. 1. Յուդա յի-
page_0335/line_022,page_0335,0.0002,0.0,24,False,Յայնժամ հաճեսցիս ընդ պա-,Յայնժամ հաճեսցիս ընդ պա-
page_0251/line_065,page_0251,0.0002,0.0,23,False,եւ միշտ. Ալէլուիա. ալէ.,եւ միշտ. Ալէլուիա. ալէ.
page_0051/line_012,page_0051,0.0002,0.0,23,False,"ասին, եւ զաւակ ամբարըշ-","ասին, եւ զաւակ ամբարըշ-"
page_0499/line_082,page_0499,0.0002,0.0,34,False,հովուեսդ։ Հմբ. դձ. Որք տնկակիցք. և,հովուեսդ։ Հմբ. դձ. Որք տնկակիցք. և
page_0300/line_039,page_0300,0.0002,0.0,17,False,ամենայն. աղաչեմք։,ամենայն. աղաչեմք։
page_0200/line_027,page_0200,0.0002,0.0,25,False,"մութեամբ շինեսցի, յերկինս","մութեամբ շինեսցի, յերկինս"
page_0051/line_041,page_0051,0.0002,0.0,24,False,"ղէ յոյժ, զօրհանապազ տըր-","ղէ յոյժ, զօրհանապազ տըր-"
page_0499/line_025,page_0499,0.0002,0.0,32,False,դկ. Այսօր ցնծան։ Առաւօտու աւետա-,դկ. Այսօր ցնծան։ Առաւօտու աւետա-
page_0051/line_028,page_0051,0.0002,0.0,11,False,խրատեր զիս։,խրատեր զիս։
page_0559/line_071,page_0559,0.0002,0.0,26,False,միւս Նիկողայոսի հայրապետին,միւս Նիկողայոսի հայրապետին
page_0251/line_071,page_0251,0.0002,0.0,21,False,տէր զօրութիւն ընդ մէջ,տէր զօրութիւն ընդ մէջ
page_0300/line_034,page_0300,0.0002,0.0,25,False,վասն անուանըդ քում սրբոյ.,վասն անուանըդ քում սրբոյ.
page_0543/line_023,page_0543,0.0002,0.0,31,False,գարէ Եսայ. ԾԲ 7. Այսպէս ասէ տէր,գարէ Եսայ. ԾԲ 7. Այսպէս ասէ տէր
page_0499/line_075,page_0499,0.0002,0.0,33,False,կի. վ. 15. մեղաւորք եւ ամբարիշտք։,կի. վ. 15. մեղաւորք եւ ամբարիշտք։
page_0499/line_089,page_0499,0.0002,0.0,36,False,"վ. 38. լսել ՚ի նմանէ։ Ճաշու շարական,","վ. 38. լսել ՚ի նմանէ։ Ճաշու շարական,"
page_0300/line_023,page_0300,0.0002,0.0,19,False,մարգարէից. աղաչեմք։,մարգարէից. աղաչեմք։
page_0559/line_058,page_0559,0.0002,0.0,29,False,նեալ ես տէր աստուած. հմբ. գկ.,նեալ ես տէր աստուած. հմբ. գկ.
page_0451/line_015,page_0451,0.0002,0.0,24,False,"յանցանացն, և դարձո զնոսա","յանցանացն, և դարձո զնոսա"
page_0499/line_056,page_0499,0.0002,0.0,33,False,ԺԲ. 44 Եւ յիսուս աղաղակէր. վ. 50.,ԺԲ. 44 Եւ յիսուս աղաղակէր. վ. 50.
page_0499/line_086,page_0499,0.0002,0.0,30,False,Ուրբաթ. ահ. դկ. Յաղթական։ Հարց,Ուրբաթ. ահ. դկ. Յաղթական։ Հարց
page_0543/line_014,page_0543,0.0002,0.0,32,False,տուն. ահ. գկ. Երգեցէք որդիք. իւր,տուն. ահ. գկ. Երգեցէք որդիք. իւր
page_0335/line_013,page_0335,0.0002,0.0,23,False,դու ընդ ողջակէզս իսկ ոչ,դու ընդ ողջակէզս իսկ ոչ
page_0300/line_069,page_0300,0.0002,0.0,21,False,թեանս՝ առնել խաղաղու-,թեանս՝ առնել խաղաղու-
page_0251/line_046,page_0251,0.0002,0.0,12,False,մէջ իւր էած։,մէջ իւր էած։
page_0200/line_051,page_0200,0.0002,0.0,17,False,ղեր զնովաւ զամօթ։,ղեր զնովաւ զամօթ։
page_0559/line_032,page_0559,0.0002,0.0,21,False,"ման, և Ձայն աւետաւոր։","ման, և Ձայն աւետաւոր։"
page_0300/line_015,page_0300,0.0002,0.0,23,False,Զճգնութիւն սրբոց մարտի-,Զճգնութիւն սրբոց մարտի-
page_0499/line_034,page_0499,0.0002,0.0,33,False,Ալէ. սաղ. ԻԳ. Համբարձէք։ Աւետարան,Ալէ. սաղ. ԻԳ. Համբարձէք։ Աւետարան
page_0499/line_078,page_0499,0.0002,0.0,20,False,15. եւ դուք առնիջիք։,15. եւ դուք առնիջիք։
page_0543/line_015,page_0543,0.0002,0.0,32,False,"սարօքն։ Առաւօտու երգ, Իջցէ որպէս","սարօքն։ Առաւօտու երգ, Իջցէ որպէս"
page_0051/line_052,page_0051,0.0002,0.0,24,False,"Սիրտ իմ խռովեցաւ յիս, եւ","Սիրտ իմ խռովեցաւ յիս, եւ"
page_0559/line_074,page_0559,0.0002,0.0,27,False,Յակոբայ պահոցն։ Հարց բձ. Որ,Յակոբայ պահոցն։ Հարց բձ. Որ
page_0543/line_066,page_0543,0.0002,0.0,33,False,բարք գոհանալ. վ. 23. պօղոս պաշտօ-,բարք գոհանալ. վ. 23. պօղոս պաշտօ-
page_0300/line_031,page_0300,0.0002,0.0,19,False,՚ի յերկրի. աղաչեմք։,՚ի յերկրի. աղաչեմք։
page_0251/line_001,page_0251,0.0002,0.0,28,False,Ալէլուք Յարութեանն Քրիստոսի։,Ալէլուք Յարութեանն Քրիստոսի։
page_0559/line_009,page_0559,0.0002,0.0,23,False,գձ. Փառաւորեալ անուն քո,գձ. Փառաւորեալ անուն քո
page_0200/line_049,page_0200,0.0002,0.0,20,False,Նուազ արարեր զաւուրս,Նուազ արարեր զաւուրս
page_0451/line_064,page_0451,0.0002,0.0,26,False,գւոյդ. այժմ և միշտ և յաւի-,գւոյդ. այժմ և միշտ և յաւի-
page_0499/line_016,page_0499,0.0002,0.0,30,False,մէն ամէն ասեմ. վ 26. հայրն իմ։,մէն ամէն ասեմ. վ 26. հայրն իմ։
page_0251/line_062,page_0251,0.0002,0.0,23,False,ռըն օրհնեալ՝ յայսմ հետէ,ռըն օրհնեալ՝ յայսմ հետէ
page_0251/line_003,page_0251,0.0002,0.0,21,False,Ողորմութեամբ տեառն լի,Ողորմութեամբ տեառն լի
page_0559/line_016,page_0559,0.0002,0.0,34,False,20. Կիր. ԴՁ. Երկրորդ. Համբ. դձ. Ա-,20. Կիր. ԴՁ. Երկրորդ. Համբ. դձ. Ա-
page_0200/line_042,page_0200,0.0002,0.0,23,False,Դարձուցեր զօգնութիւն ՚ի,Դարձուցեր զօգնութիւն ՚ի
page_0499/line_007,page_0499,0.0002,0.0,33,False,րան Ղուկ. Ի. 1. Եւ եղեւ ՚ի միում.,րան Ղուկ. Ի. 1. Եւ եղեւ ՚ի միում.
page_0499/line_040,page_0499,0.0002,0.0,35,False,Աստուած մեր։ Հմբ. դձ. Որք տնկակիցք.,Աստուած մեր։ Հմբ. դձ. Որք տնկակիցք.
page_0251/line_013,page_0251,0.0002,0.0,21,False,Փառք եւ երկրպագ. այժմ,Փառք եւ երկրպագ. այժմ
page_0499/line_046,page_0499,0.0002,0.0,34,False,ռըն։ Հարց դկ. Փառաւորեալ է։ Առաւօ-,ռըն։ Հարց դկ. Փառաւորեալ է։ Առաւօ-
page_0335/line_030,page_0335,0.0002,0.0,24,False,Երգ երրորդի ժամու աւուրն,Երգ երրորդի ժամու աւուրն
page_0200/line_063,page_0200,0.0002,0.0,23,False,"Ուր են ողորմութիւնք քո,","Ուր են ողորմութիւնք քո,"
page_0200/line_062,page_0200,0.0002,0.0,23,False,զանձն իւր ՚ի ձեռաց դժո-,զանձն իւր ՚ի ձեռաց դժո-
page_0251/line_041,page_0251,0.0002,0.0,24,False,"Ալէ. Տէր թագաւորեաց, վա-","Ալէ. Տէր թագաւորեաց, վա-"
page_0200/line_021,page_0200,0.0002,0.0,19,False,ալելուիա. ալէլուիա։,ալելուիա. ալէլուիա։
page_0200/line_017,page_0200,0.0002,0.0,22,False,սուրբ փառաց նորա յաւի-,սուրբ փառաց նորա յաւի-
page_0543/line_031,page_0543,0.0002,0.0,33,False,եկեսցէ։ Աւետարան Ղուկ. Ա. 39. Յա-,եկեսցէ։ Աւետարան Ղուկ. Ա. 39. Յա-
page_0200/line_031,page_0200,0.0002,0.0,20,False,երդուայ դաւթի ծառայի,երդուայ դաւթի ծառայի
page_0499/line_022,page_0499,0.0002,0.0,32,False,ման աւետարան Մարկ. ԺԱ. 12. Եւ ՚ի,ման աւետարան Մարկ. ԺԱ. 12. Եւ ՚ի
page_0559/line_046,page_0559,0.0002,0.0,34,False,1. Կիր. ԱՁ. Ութերորդ։ Համբ. աձ. Որ,1. Կիր. ԱՁ. Ութերորդ։ Համբ. աձ. Որ
page_0300/line_044,page_0300,0.0002,0.0,25,False,ճար մաքրեցին հոգւոյդ քում,ճար մաքրեցին հոգւոյդ քում
page_0251/line_032,page_0251,0.0002,0.0,21,False,Փառք եւ երկրպագ. այժմ,Փառք եւ երկրպագ. այժմ
page_0051/line_060,page_0051,0.0002,0.0,23,False,Բռնադատէին զիս եւ խընդ-,Բռնադատէին զիս եւ խընդ-
page_0543/line_073,page_0543,0.0002,0.0,36,False,Կողոս. Ա. 24. Եւ արդ ուրախ. վ. Բ. 7.,Կողոս. Ա. 24. Եւ արդ ուրախ. վ. Բ. 7.
page_0451/line_005,page_0451,0.0002,0.0,25,False,և լսելի արա ինձ զերանաւէտ,և լսելի արա ինձ զերանաւէտ
page_0559/line_063,page_0559,0.0002,0.0,33,False,29. Կիր. ԳՁ. Երկրորդ։ Հարց ակ. Ա-,29. Կիր. ԳՁ. Երկրորդ։ Հարց ակ. Ա-
page_0543/line_071,page_0543,0.0002,0.0,32,False,Ճաշու շարական դկ. Փառաբանութիւն։,Ճաշու շարական դկ. Փառաբանութիւն։
page_0499/line_062,page_0499,0.0002,0.0,32,False,կիցք. և համբարձաւ տէրն մեր քրիս-,կիցք. և համբարձաւ տէրն մեր քրիս-
page_0335/line_025,page_0335,0.0002,0.0,23,False,րագս հանցեն ՚ի սեղան քո,րագս հանցեն ՚ի սեղան քո
page_0559/line_086,page_0559,0.0002,0.0,33,False,"21. Բշ. ԲՁ. Աբրահամու եւ Խորենայ,","21. Բշ. ԲՁ. Աբրահամու եւ Խորենայ,"
page_0543/line_032,page_0543,0.0002,0.0,35,False,րուցեալ մարիամ. վ. 56. ՚ի տուն իւր։,րուցեալ մարիամ. վ. 56. ՚ի տուն իւր։
page_0499/line_064,page_0499,0.0002,0.0,33,False,17. Գան առ նա սադուկեցիքն. վ. 31.,17. Գան առ նա սադուկեցիքն. վ. 31.
page_0300/line_046,page_0300,0.0002,0.0,23,False,"մերում ըզքաղցրախառն օդ,","մերում ըզքաղցրախառն օդ,"
page_0335/line_034,page_0335,0.0002,0.0,23,False,բարձր ձեռօք նիւթ ՚ի հո-,բարձր ձեռօք նիւթ ՚ի հո-
page_0543/line_036,page_0543,0.0002,0.0,16,False,"ղօթք, Ընկալ տէր։","ղօթք, Ընկալ տէր։"
page_0559/line_088,page_0559,0.0002,0.0,32,False,22. Գշ. ԲԿ. Աստուածատրոյ վկային։,22. Գշ. ԲԿ. Աստուածատրոյ վկային։
page_0251/line_064,page_0251,0.0002,0.0,21,False,Փառք եւ երկրպագ. այժմ,Փառք եւ երկրպագ. այժմ
page_0499/line_033,page_0499,0.0002,0.0,34,False,րիցուէ առ գայիոս. վ. 15. յանուանէ։,րիցուէ առ գայիոս. վ. 15. յանուանէ։
page_0251/line_054,page_0251,0.0002,0.0,23,False,թիւն յակոբայ։ Թողեր զա-,թիւն յակոբայ։ Թողեր զա-
page_0499/line_027,page_0499,0.0002,0.0,33,False,զառակն զայն։ Ճաշու շարական դկ. Որ,զառակն զայն։ Ճաշու շարական դկ. Որ
page_0543/line_027,page_0543,0.0002,0.0,32,False,գարէ Մաղաք. Գ. 1. Ահա ես առաքեմ.,գարէ Մաղաք. Գ. 1. Ահա ես առաքեմ.
page_0559/line_062,page_0559,0.0002,0.0,30,False,լուհւոյ։ Հարց դձ. Յուսացեալքն։,լուհւոյ։ Հարց դձ. Յուսացեալքն։
page_0451/line_018,page_0451,0.0002,0.0,22,False,արժանի եղիցին. և ողոր։,արժանի եղիցին. և ողոր։
page_0499/line_041,page_0499,0.0002,0.0,33,False,և համբարձաւ տէրն մեր յերկինս։ Ար-,և համբարձաւ տէրն մեր յերկինս։ Ար-
page_0335/line_026,page_0335,0.0002,0.0,9,False,զուարակս։,զուարակս։
page_0499/line_006,page_0499,0.0002,0.0,33,False,դկ. Որ զամենազօր։ Առաւօտու աւետա-,դկ. Որ զամենազօր։ Առաւօտու աւետա-
page_0499/line_021,page_0499,0.0002,0.0294,34,False,Համբարձաւ տէրն մեր քրիստոս։ Արձակ-,Համբարձաւ տէրն մեր քրիստոս։ Արձակ
page_0200/line_039,page_0200,0.0002,0.0,22,False,Ով է յամպս որ հաւասարի,Ով է յամպս որ հաւասարի
page_0200/line_034,page_0200,0.0002,0.0,23,False,"զաւակ քո, և շինցից ազգէ","զաւակ քո, և շինցից ազգէ"
page_0300/line_042,page_0300,0.0002,0.0,24,False,"հատակեալ վըկայիցըն, տէր,","հատակեալ վըկայիցըն, տէր,"
page_0051/line_007,page_0051,0.0002,0.0,25,False,ցի՝ եւ ոչ գտաւ տեղի նորա։,ցի՝ եւ ոչ գտաւ տեղի նորա։
page_0543/line_022,page_0543,0.0002,0.0,32,False,թեան. վ. ԺԲ. 4. առն իւրում։ Մար-,թեան. վ. ԺԲ. 4. առն իւրում։ Մար-
page_0300/line_047,page_0300,0.0002,0.0,25,False,եւ ըզզուարճալի ըզբոյս. առ,եւ ըզզուարճալի ըզբոյս. առ
page_0559/line_052,page_0559,0.0002,0.0,22,False,Որ ՚ի վերդ ես. ցվերջն։,Որ ՚ի վերդ ես. ցվերջն։
page_0051/line_029,page_0051,0.0002,0.0,24,False,"Զի նետք քո հարան յիս, եւ","Զի նետք քո հարան յիս, եւ"
page_0543/line_084,page_0543,0.0002,0.0,29,False,Ուրբաթ. հարց հանգստեան։ Ճաշու,Ուրբաթ. հարց հանգստեան։ Ճաշու
page_0499/line_083,page_0499,0.0001,0.0,33,False,համբարձաւ տէրն մեր յերկ։ Արձակման,համբարձաւ տէրն մեր յերկ։ Արձակման
page_0559/line_039,page_0559,0.0001,0.0,19,False,աստուած որ ապրեցու։,աստուած որ ապրեցու։
page_0451/line_019,page_0451,0.0001,0.0,21,False,"Փառաւորեալ տէր, ընկալ","Փառաւորեալ տէր, ընկալ"
page_0200/line_032,page_0200,0.0001,0.0,5,False,իմոյ։,իմոյ։
page_0451/line_002,page_0451,0.0001,0.0,22,False,մտաներ ՚ի դատաստան ընդ,մտաներ ՚ի դատաստան ընդ
page_0499/line_004,page_0499,0.0001,0.0,22,False,երկոտասանիւքն հանդերձ։,երկոտասանիւքն հանդերձ։
page_0543/line_059,page_0543,0.0001,0.0,31,False,առաքեալ. վ. 11. երկայնմտութեան։,առաքեալ. վ. 11. երկայնմտութեան։
page_0300/line_003,page_0300,0.0001,0.0,23,False,գեւեա յերկրի մերում ըզ-,գեւեա յերկրի մերում ըզ-
page_0499/line_081,page_0499,0.0001,0.0,30,False,զնա եւ ոչ ինչ։ Մեսե. Եղիցի. Որ,զնա եւ ոչ ինչ։ Մեսե. Եղիցի. Որ
page_0335/line_007,page_0335,0.0001,0.0,21,False,իմ յարդարութեան քում։,իմ յարդարութեան քում։
page_0200/line_040,page_0200,0.0001,0.0,25,False,"քեզ, կամ ով նմանիցի տեառն","քեզ, կամ ով նմանիցի տեառն"
page_0200/line_028,page_0200,0.0001,0.0,23,False,պատրաստ եղիցի ճշմարտու-,պատրաստ եղիցի ճշմարտու-
page_0451/line_030,page_0451,0.0001,0.0,22,False,"հայրապետաց, ճգնաւորաց,","հայրապետաց, ճգնաւորաց,"
page_0251/line_061,page_0251,0.0001,0.0,23,False,տեառն։ Եղիցի անուն տեա-,տեառն։ Եղիցի անուն տեա-
page_0251/line_025,page_0251,0.0001,0.0,22,False,"Ալէ. Հաճեցար, տէր, ընդ","Ալէ. Հաճեցար, տէր, ընդ"
page_0499/line_067,page_0499,0.0001,0.0,32,False,տէր։ հարց դկ. Որ յառաջ։ Առաւօտու,տէր։ հարց դկ. Որ յառաջ։ Առաւօտու
page_0251/line_052,page_0251,0.0001,0.0,23,False,"Հաճեցար, տէր, ընդ երկիր","Հաճեցար, տէր, ընդ երկիր"
page_0543/line_028,page_0543,0.0001,0.0,32,False,վ. 2. յայտնութեան նորա։ Առաքեալն,վ. 2. յայտնութեան նորա։ Առաքեալն
page_0300/line_001,page_0300,0.0001,0.0,22,False,իւրեանց տաճար մաքրեցին,իւրեանց տաճար մաքրեցին
page_0499/line_091,page_0499,0.0001,0.0,33,False,լուր աղօթ. Օրհնեալ տէր. Բարձր առ-,լուր աղօթ. Օրհնեալ տէր. Բարձր առ-
page_0200/line_007,page_0200,0.0001,0.0,10,False,խոտ երկրի։,խոտ երկրի։
page_0543/line_024,page_0543,0.0001,0.0,32,False,իբրեւ զի. վ. 10. աստուծոյ մերոյ։,իբրեւ զի. վ. 10. աստուծոյ մերոյ։
page_0051/line_047,page_0051,0.0001,0.0,20,False,հեծութեան սրտի իմոյ։,հեծութեան սրտի իմոյ։
page_0559/line_072,page_0559,0.0001,0.0,24,False,եւ Միւռոնայ եպիսկոպոսին։,եւ Միւռոնայ եպիսկոպոսին։
page_0051/line_062,page_0051,0.0001,0.0,24,False,չար ՚ի վերայ իմ. խօսեցան,չար ՚ի վերայ իմ. խօսեցան
page_0451/line_001,page_0451,0.0001,0.0,24,False,"կենդանիս եւ զմեռեալս, մի","կենդանիս եւ զմեռեալս, մի"
page_0300/line_028,page_0300,0.0001,0.0,22,False,թիւնք. դադարեսցին յար-,թիւնք. դադարեսցին յար-
page_0335/line_001,page_0335,0.0001,0.0,24,False,Ուսուցից անօրինաց զճանա-,Ուսուցից անօրինաց զճանա-
page_0543/line_020,page_0543,0.0001,0.0,34,False,բուրեսցէ զիս. վ. 11. ընկալցի զքեզ։,բուրեսցէ զիս. վ. 11. ընկալցի զքեզ։
page_0200/line_050,page_0200,0.0001,0.0,22,False,"ժամանակաց նորա, եւ հե-","ժամանակաց նորա, եւ հե-"
page_0543/line_008,page_0543,0.0001,0.0,16,False,խնդրեն ՚ի նմանէ։,խնդրեն ՚ի նմանէ։
page_0335/line_009,page_0335,0.0001,0.0,21,False,"նաս, բերան իմ երգեսցէ","նաս, բերան իմ երգեսցէ"
page_0559/line_027,page_0559,0.0001,0.0,8,False,խաչանիշ։,խաչանիշ։
page_0051/line_020,page_0051,0.0001,0.0,25,False,"նոսա ՚ի մեղաւորաց, եւ կե-","նոսա ՚ի մեղաւորաց, եւ կե-"
page_0051/line_030,page_0051,0.0001,0.0,23,False,յիս հաստատեցաւ ձեռն քո։,յիս հաստատեցաւ ձեռն քո։
page_0451/line_047,page_0451,0.0001,0.0,23,False,"ցի, եւ գթացեալ կեցուսցէ","ցի, եւ գթացեալ կեցուսցէ"
page_0251/line_024,page_0251,0.0001,0.0,20,False,վերայ ամենայն երկրի։,վերայ ամենայն երկրի։
page_0335/line_021,page_0335,0.0001,0.0,20,False,պարիսպքն երուսաղեմի։,պարիսպքն երուսաղեմի։
page_0499/line_057,page_0499,0.0001,0.0,13,False,այնպէս խօսիմ։,այնպէս խօսիմ։
page_0200/line_053,page_0200,0.0001,0.0,23,False,"զերեսս քո իսպառ, բորբո-","զերեսս քո իսպառ, բորբո-"
page_0335/line_014,page_0335,0.0001,0.0,8,False,հաճեցար։,հաճեցար։
page_0300/line_041,page_0300,0.0001,0.0,25,False,Աղաչանօք սրբոց արեամբ նա-,Աղաչանօք սրբոց արեամբ նա-
page_0559/line_065,page_0559,0.0001,0.0,25,False,ռաւորեալ է քո յարութիւնդ։,ռաւորեալ է քո յարութիւնդ։
page_0051/line_035,page_0051,0.0001,0.0,25,False,բեռն ծանր ծանրացան ՚ի վե-,բեռն ծանր ծանրացան ՚ի վե-
page_0543/line_069,page_0543,0.0001,0.0,28,False,խօսէր. վ. 32. զյովնան է աստ։,խօսէր. վ. 32. զյովնան է աստ։
page_0200/line_009,page_0200,0.0001,0.0,23,False,"նեալ յաւիտեան, զի յառաջ","նեալ յաւիտեան, զի յառաջ"
page_0300/line_043,page_0300,0.0001,0.0,23,False,որք զանձինս իւրեանց տա-,որք զանձինս իւրեանց տա-
page_0051/line_014,page_0051,0.0001,0.0,20,False,Փրկութիւն արդարոց ՚ի,Փրկութիւն արդարոց ՚ի
page_0499/line_058,page_0499,0.0001,0.0,31,False,Յերեկոյին առաջին աւետարան Մատթ.,Յերեկոյին առաջին աւետարան Մատթ.
page_0251/line_006,page_0251,0.0001,0.0,22,False,Եւ հոգւով բերանոյ նորա,Եւ հոգւով բերանոյ նորա
page_0451/line_061,page_0451,0.0001,0.0,23,False,մեր։ Արժանաւորեա գոհու-,մեր։ Արժանաւորեա գոհու-
page_0251/line_048,page_0251,0.0001,0.0,23,False,եւ միշտ. Ալէլուիա. ալէ.,եւ միշտ. Ալէլուիա. ալէ.
page_0051/line_054,page_0051,0.0001,0.0,25,False,լոյս աչաց իմոց՝ եւ այս ոչ,լոյս աչաց իմոց՝ եւ այս ոչ
page_0300/line_002,page_0300,0.0001,0.0,24,False,հոգւոյդ քում սրբոյ. պար-,հոգւոյդ քում սրբոյ. պար-
page_0051/line_055,page_0051,0.0001,0.0,12,False,եղեւ ընդ իս։,եղեւ ընդ իս։
page_0200/line_011,page_0200,0.0001,0.0,22,False,Ի նա օրհնեսցին ամենայն,Ի նա օրհնեսցին ամենայն
page_0200/line_008,page_0200,0.0001,0.0,22,False,Եղիցի անուն տեառն օրհ-,Եղիցի անուն տեառն օրհ-
page_0300/line_009,page_0300,0.0001,0.0,21,False,Բարեխօսութեամբ սրբու-,Բարեխօսութեամբ սրբու-
page_0300/line_049,page_0300,0.0001,0.0,23,False,կաւոր պիտոյից մերոց. ա-,կաւոր պիտոյից մերոց. ա-
page_0335/line_018,page_0335,0.0001,0.0,10,False,արհամարհէ։,արհամարհէ։
page_0200/line_015,page_0200,0.0001,0.0,25,False,րայելի՝ որ առնէ սքանչելիս,րայելի՝ որ առնէ սքանչելիս
page_0251/line_059,page_0251,0.0001,0.0,24,False,"Ալէ. Օրհնեցէք, մանկունք,","Ալէ. Օրհնեցէք, մանկունք,"
page_0051/line_003,page_0051,0.0001,0.0,24,False,Տեսի զամբարիշտն վերացեալ,Տեսի զամբարիշտն վերացեալ
page_0251/line_018,page_0251,0.0001,0.0,21,False,թանոսք. աղաղակեցէք առ,թանոսք. աղաղակեցէք առ
page_0300/line_008,page_0300,0.0001,0.0,7,False,ղաչեմք։,ղաչեմք։
page_0251/line_002,page_0251,0.0001,0.0,24,False,Ալէլուիա. ալէլուիա. ալէ.,Ալէլուիա. ալէլուիա. ալէ.
page_0251/line_069,page_0251,0.0001,0.0,22,False,"Տէր թագաւորեաց, վայել-","Տէր թագաւորեաց, վայել-"
page_0451/line_067,page_0451,0.0001,0.0,14,False,քրիստոս. ամէն։,քրիստոս. ամէն։
page_0499/line_061,page_0499,0.0001,0.0,34,False,կինս. Յելանելն։ Հմբ. դձ. Որք տնկա-,կինս. Յելանելն։ Հմբ. դձ. Որք տնկա-
page_0451/line_046,page_0451,0.0001,0.0,26,False,"կինս, զի կամեցեալ ողորմես-","կինս, զի կամեցեալ ողորմես-"
page_0051/line_053,page_0051,0.0001,0.0,22,False,եթող զիս զօրութիւն իմ.,եթող զիս զօրութիւն իմ.
page_0051/line_005,page_0051,0.0001,0.0,10,False,լիբանանու։,լիբանանու։
page_0451/line_057,page_0451,0.0001,0.0,23,False,եւ որոց այսօր է յիշատակ,եւ որոց այսօր է յիշատակ
page_0251/line_035,page_0251,0.0001,0.0,21,False,Յարեաւ աստուած եւ ցը-,Յարեաւ աստուած եւ ցը-
page_0451/line_039,page_0451,0.0001,0.0,22,False,"ծածնին բարեխօսութեանն,","ծածնին բարեխօսութեանն,"
page_0251/line_011,page_0251,0.0001,0.0,23,False,միք նորա։ Փախեան ատելիք,միք նորա։ Փախեան ատելիք
page_0335/line_023,page_0335,0.0001,0.0,19,False,"տարագս արդարութեան,","տարագս արդարութեան,"
page_0499/line_039,page_0499,0.0001,0.0,34,False,ունէին զնա։ Մեսեդ. Եկայք եւ տեսէք.,ունէին զնա։ Մեսեդ. Եկայք եւ տեսէք.
page_0559/line_078,page_0559,0.0001,0.0,24,False,սուրբ Կուսին ՚ի յԱննայէ։,սուրբ Կուսին ՚ի յԱննայէ։
page_0051/line_043,page_0051,0.0001,0.0,26,False,"եղեւ չարչարանօք, եւ ոչ գոյ","եղեւ չարչարանօք, եւ ոչ գոյ"
page_0335/line_016,page_0335,0.0001,0.0,22,False,"խոնարհ, զսիրտ սուրբ եւ","խոնարհ, զսիրտ սուրբ եւ"
page_0451/line_021,page_0451,0.0001,0.0,23,False,տարեա ՚ի բարի զխնդրուա-,տարեա ՚ի բարի զխնդրուա-
page_0451/line_055,page_0451,0.0001,0.0,25,False,"միածնի որդւոյ քո, եւ աղա-","միածնի որդւոյ քո, եւ աղա-"
page_0559/line_037,page_0559,0.0001,0.0,25,False,հարց աձ. Որ բարձրեալդ ես։,հարց աձ. Որ բարձրեալդ ես։
page_0451/line_068,page_0451,0.0001,0.0,20,False,Հայր մեր որ յերկինս։,Հայր մեր որ յերկինս։
page_0200/line_018,page_0200,0.0001,0.0,24,False,տեան. լցցի փառօք նորա ա-,տեան. լցցի փառօք նորա ա-
page_0335/line_005,page_0335,0.0001,0.0,21,False,"տուած, աստուած փրկու-","տուած, աստուած փրկու-"
page_0300/line_020,page_0300,0.0001,0.0,22,False,հեսցես հաստատուն սուրբ,հեսցես հաստատուն սուրբ
page_0543/line_039,page_0543,0.0001,0.0,34,False,"նաց։ Սաղմոս, գիրք եւ աւետարան, ըստ","նաց։ Սաղմոս, գիրք եւ աւետարան, ըստ"
page_0335/line_002,page_0335,0.0001,0.0,22,False,"պարհս քո, եւ ամպարիշտք","պարհս քո, եւ ամպարիշտք"
page_0559/line_054,page_0559,0.0001,0.0,24,False,դձ. Որ յամենայնի ցուցեր։,դձ. Որ յամենայնի ցուցեր։
page_0300/line_048,page_0300,0.0001,0.0,28,False,՚ի լցումն լինիլ ամենայն հար-,՚ի լցումն լինիլ ամենայն հար-
page_0300/line_060,page_0300,0.0001,0.0,22,False,թիւն աշխարհի ծընար ըզ-,թիւն աշխարհի ծընար ըզ-
page_0300/line_051,page_0300,0.0001,0.0,22,False,Բարեխօսութեամբ սրբուհ.,Բարեխօսութեամբ սրբուհ.
page_0451/line_052,page_0451,0.0001,0.0,24,False,"Ընկալ, տէր, զաղաչանս մեր","Ընկալ, տէր, զաղաչանս մեր"
page_0451/line_056,page_0451,0.0001,0.0,24,False,"չանօք ամենայն սրբոց քոց,","չանօք ամենայն սրբոց քոց,"
page_0251/line_072,page_0251,0.0001,0.0,8,False,իւր էած։,իւր էած։
page_0559/line_060,page_0559,0.0001,0.0,7,False,եւ մեր։,եւ մեր։
page_0543/line_005,page_0543,0.0001,0.0,36,False,եղբարք. վ. 24. ձերում ամէն։ Ալէ. Յա-,եղբարք. վ. 24. ձերում ամէն։ Ալէ. Յա-
page_0200/line_037,page_0200,0.0001,0.0,22,False,"քանչելեաց քոց, տէր, եւ","քանչելեաց քոց, տէր, եւ"
page_0499/line_069,page_0499,0.0001,0.0,32,False,ոմանք. վ. ԻԱ. 4. զոր ունէր էարկ։,ոմանք. վ. ԻԱ. 4. զոր ունէր էարկ։
page_0300/line_066,page_0300,0.0001,0.0,24,False,հայրական ծոցոյ. էառ մար-,հայրական ծոցոյ. էառ մար-
page_0451/line_017,page_0451,0.0001,0.0,23,False,"իմ, զի ողորմութեան քում","իմ, զի ողորմութեան քում"
page_0451/line_014,page_0451,0.0001,0.0,24,False,լեաց զթողութիւն որ առ իս,լեաց զթողութիւն որ առ իս
page_0499/line_088,page_0499,0.0001,0.0,34,False,տարան Ղուկ. ԻԱ. 5. Եւ յասել ոմանց.,տարան Ղուկ. ԻԱ. 5. Եւ յասել ոմանց.
page_0335/line_019,page_0335,0.0001,0.0,20,False,"Բարի արա, տէր, կամօք","Բարի արա, տէր, կամօք"
page_0251/line_057,page_0251,0.0001,0.0,11,False,մեղըս նոցա։,մեղըս նոցա։
page_0051/line_017,page_0051,0.0001,0.0,5,False,թեան։,թեան։
page_0051/line_036,page_0051,0.0001,0.0,7,False,րայ իմ։,րայ իմ։
page_0499/line_048,page_0499,0.0001,0.0,35,False,սպասեցին. վ. 26. նորա լռեցին։ Ճաշու,սպասեցին. վ. 26. նորա լռեցին։ Ճաշու
page_0559/line_012,page_0559,0.0001,0.0,21,False,տուածածնի ՚ի յԱննայէ։,տուածածնի ՚ի յԱննայէ։
page_0051/line_038,page_0051,0.0001,0.0,20,False,յերեսաց անզգամութեան,յերեսաց անզգամութեան
page_0051/line_004,page_0051,0.0001,0.0,24,False,"բարձրացեալ, որպէս զմայրս","բարձրացեալ, որպէս զմայրս"
page_0200/line_057,page_0200,0.0001,0.0,24,False,ով է իմ հանգիստ. միթէ ՚ի,ով է իմ հանգիստ. միթէ ՚ի
page_0543/line_062,page_0543,0.0001,0.0,6,False,ցրուէ։,ցրուէ։
page_0451/line_023,page_0451,0.0001,0.0,23,False,"սրբուհւոյ աստուածածնին,","սրբուհւոյ աստուածածնին,"
page_0051/line_011,page_0051,0.0001,0.0,25,False,Անօրէնք հալածեսցին ՚ի մի-,Անօրէնք հալածեսցին ՚ի մի-
page_0200/line_055,page_0200,0.0001,0.0,8,False,թիւն քո։,թիւն քո։
page_0051/line_063,page_0051,0.0001,0.0,22,False,զանօրէնութիւն եւ զնեն-,զանօրէնութիւն եւ զնեն-
page_0335/line_020,page_0335,0.0001,0.0,23,False,"քովք սիոնի, եւ շինեսցին","քովք սիոնի, եւ շինեսցին"
page_0451/line_065,page_0451,0.0001,0.0,22,False,տեանս յաւիտենից. ամէն։,տեանս յաւիտենից. ամէն։
page_0559/line_089,page_0559,0.0001,0.0,18,False,հարց բձ. Անոխակալ։,հարց բձ. Անոխակալ։
page_0300/line_068,page_0300,0.0001,0.0,24,False,մին ըստ մարդկային բընու-,մին ըստ մարդկային բընու-
page_0451/line_059,page_0451,0.0001,0.0,25,False,"մեզ, տէր, եւ ողորմեա. նե-","մեզ, տէր, եւ ողորմեա. նե-"
page_0200/line_004,page_0200,0.0001,0.0,22,False,Բարձրասցի քան զլիբանան,Բարձրասցի քան զլիբանան
page_0051/line_042,page_0051,0.0001,0.0,25,False,տում գնայի. զի անձն իմ լի,տում գնայի. զի անձն իմ լի
page_0451/line_012,page_0451,0.0001,0.0,24,False,նեաց եւ մեռելոց. շնորհեա,նեաց եւ մեռելոց. շնորհեա
page_0300/line_004,page_0300,0.0001,0.0,21,False,"քաղցրախառն օդ, եւ ըզ-","քաղցրախառն օդ, եւ ըզ-"
page_0051/line_010,page_0051,0.0001,0.0,21,False,մնացուածք առն խաղաղա-,մնացուածք առն խաղաղա-
page_0559/line_022,page_0559,0.0001,0.0,8,False,Աստուած։,Աստուած։
page_0451/line_028,page_0451,0.0001,0.0,24,False,"բոց առաքելոց, մարգարէից,","բոց առաքելոց, մարգարէից,"
page_0300/line_010,page_0300,0.0001,0.0,25,False,"հւոյ աստուածածնին, և յով.","հւոյ աստուածածնին, և յով."
page_0200/line_041,page_0200,0.0001,0.0,16,False,յորդիս աստուծոյ։,յորդիս աստուծոյ։
page_0451/line_049,page_0451,0.0001,0.0,24,False,"տէր աստուած մեր, կեցո եւ","տէր աստուած մեր, կեցո եւ"
page_0499/line_085,page_0499,0.0001,0.0,25,False,նի ետ. վ. 44. զկեանս իւր։,նի ետ. վ. 44. զկեանս իւր։
page_0051/line_056,page_0051,0.0001,0.0,24,False,Բարեկամք իմ եւ մերձաւորք,Բարեկամք իմ եւ մերձաւորք
page_0499/line_044,page_0499,0.0001,0.0,13,False,մացան ընդ նա։,մացան ընդ նա։
page_0543/line_011,page_0543,0.0001,0.0,34,False,կատարի միշտ ՚ի նոյեմբերի 21։ Յերե-,կատարի միշտ ՚ի նոյեմբերի 21։ Յերե-
page_0051/line_002,page_0051,0.0001,0.0,15,False,ղաւորաց տեսցես։,ղաւորաց տեսցես։
page_0300/line_056,page_0300,0.0001,0.0,32,False,"տեաց, եւ Փոխման Աստուածածնին, եւ","տեաց, եւ Փոխման Աստուածածնին, եւ"
page_0451/line_050,page_0451,0.0001,0.0,8,False,ողորմեա։,ողորմեա։
page_0499/line_047,page_0499,0.0001,0.0,32,False,տու աւետարան Ղուկ. Ի. 20. Եւ ապա,տու աւետարան Ղուկ. Ի. 20. Եւ ապա
page_0251/line_014,page_0251,0.0001,0.0,23,False,եւ միշտ. Ալէլուիա. ալէ.,եւ միշտ. Ալէլուիա. ալէ.
page_0543/line_016,page_0543,0.0001,0.0,33,False,"զանձրեւ։ Քարոզ, Մայր սուրբ։ Սուրբ","զանձրեւ։ Քարոզ, Մայր սուրբ։ Սուրբ"
page_0499/line_023,page_0499,0.0001,0.0,32,False,վաղիւ անդր. վ. 26. զյանցանս ձեր։,վաղիւ անդր. վ. 26. զյանցանս ձեր։
page_0051/line_006,page_0051,0.0001,0.0,26,False,"Անցի՝ եւ ահա ոչ էր, խնդրե-","Անցի՝ եւ ահա ոչ էր, խնդրե-"
page_0543/line_063,page_0543,0.0001,0.0,30,False,Երեքշաբաթ. հարց ապաշխարութեան։,Երեքշաբաթ. հարց ապաշխարութեան։
page_0300/line_063,page_0300,0.0001,0.0,22,False,Աղաչեա վասն մեր զառ ՚ի,Աղաչեա վասն մեր զառ ՚ի
page_0300/line_016,page_0300,0.0001,0.0,25,False,րոսացըն բարեխօս ունիմք առ,րոսացըն բարեխօս ունիմք առ
page_0300/line_018,page_0300,0.0001,0.0,26,False,զի շնորհեսցես աշխարհի զան-,զի շնորհեսցես աշխարհի զան-
page_0559/line_036,page_0559,0.0001,0.0,29,False,"րիանոսի Սեբաստացւոյն, եւայլն։","րիանոսի Սեբաստացւոյն, եւայլն։"
page_0451/line_043,page_0451,0.0001,0.0,22,False,Սուրբ զաստուածածինն եւ,Սուրբ զաստուածածինն եւ
page_0200/line_052,page_0200,0.0001,0.0,23,False,Մինչեւ յերբ դարձուցանես,Մինչեւ յերբ դարձուցանես
page_0051/line_050,page_0051,0.0001,0.0,22,False,թիւն իմ ՚ի քէն ոչ ծած-,թիւն իմ ՚ի քէն ոչ ծած-
page_0251/line_022,page_0251,0.0001,0.0,21,False,թեան։ Տէր բարձրեալ եւ,թեան։ Տէր բարձրեալ եւ
page_0335/line_008,page_0335,0.0001,0.0,24,False,"Տէր, եթէ զշրթունս իմ բա-","Տէր, եթէ զշրթունս իմ բա-"
page_0335/line_027,page_0335,0.0001,0.0,23,False,Փառք հօր. Այժմ եւ միշտ։,Փառք հօր. Այժմ եւ միշտ։
page_0251/line_028,page_0251,0.0001,0.0,23,False,զգերութիւն յակոբայ։ Թո-,զգերութիւն յակոբայ։ Թո-
page_0300/line_038,page_0300,0.0001,0.0,24,False,մասն եւ բաժին ընդ սուրբս,մասն եւ բաժին ընդ սուրբս
page_0451/line_044,page_0451,0.0001,0.0,23,False,զամենայն սուրբս բարեխօս,զամենայն սուրբս բարեխօս
page_0300/line_037,page_0300,0.0001,0.0,22,False,ղաց զթողութիւն. եւ հան,ղաց զթողութիւն. եւ հան
page_0200/line_006,page_0200,0.0001,0.0,21,False,՚ի քաղաքի տեառն որպէս,՚ի քաղաքի տեառն որպէս
page_0559/line_080,page_0559,0.0001,0.0,31,False,զծառայի։ Համբ. բձ. Այսօր զուար-,զծառայի։ Համբ. բձ. Այսօր զուար-
page_0300/line_058,page_0300,0.0001,0.0,25,False,մենայն յաւիտեանց յորովայ-,մենայն յաւիտեանց յորովայ-
page_0451/line_054,page_0451,0.0001,0.0,23,False,տուածածնին անարատ ծնողի,տուածածնին անարատ ծնողի
page_0499/line_042,page_0499,0.0001,0.0,29,False,ձակման աւետարան Մարկ. ԺԱ. 27.,ձակման աւետարան Մարկ. ԺԱ. 27.
page_0251/line_055,page_0251,0.0001,0.0,22,False,նիրաւութիւն ժողովրդեան,նիրաւութիւն ժողովրդեան
page_0499/line_017,page_0499,0.0001,0.0,31,False,Յերեկոյին առաջին Աւետարան Մատթ.,Յերեկոյին առաջին Աւետարան Մատթ.
page_0559/line_076,page_0559,0.0001,0.0,14,False,խեցին կանայքն։,խեցին կանայքն։
page_0200/line_020,page_0200,0.0001,0.0,26,False,Փառք հօր եւ. այժմ եւ միշտ.,Փառք հօր եւ. այժմ եւ միշտ.
page_0051/line_048,page_0051,0.0001,0.0,23,False,"Տէր, առաջի քո է ամենայն","Տէր, առաջի քո է ամենայն"
page_0451/line_022,page_0451,0.0001,0.0,22,False,"ծըս իմ, բարեխօսութեամբ","ծըս իմ, բարեխօսութեամբ"
page_0200/line_019,page_0200,0.0001,0.0,26,False,մենայն երկիր. եղիցի եղիցի։,մենայն երկիր. եղիցի եղիցի։
page_0251/line_004,page_0251,0.0001,0.0,24,False,"եղեւ երկիր, և բանիւ տեա-","եղեւ երկիր, և բանիւ տեա-"
page_0051/line_046,page_0051,0.0001,0.0,22,False,"մինչեւ յոյժ, մռնչէի առ","մինչեւ յոյժ, մռնչէի առ"
page_0451/line_066,page_0451,0.0001,0.0,22,False,Օրհնեալ տէր մեր յիսուս,Օրհնեալ տէր մեր յիսուս
page_0499/line_002,page_0499,0.0001,0.0,33,False,մեր յերկ։ Արձակման աւետարան Մարկ.,մեր յերկ։ Արձակման աւետարան Մարկ.
page_0251/line_051,page_0251,0.0001,0.0,24,False,Ալէլուիա. ալէլուիա. ալէ.,Ալէլուիա. ալէլուիա. ալէ.
page_0451/line_006,page_0451,0.0001,0.0,23,False,կոչումն արդարոց յերկնից,կոչումն արդարոց յերկնից
page_0559/line_084,page_0559,0.0001,0.0,27,False,յաւիտենից։ Համբ. ակ. Յարու-,յաւիտենից։ Համբ. ակ. Յարու-
page_0300/line_062,page_0300,0.0001,0.0,21,False,Մայր սուրբ բարեխօսեա։,Մայր սուրբ բարեխօսեա։
page_0335/line_010,page_0335,0.0,0.0,16,False,զօրհնութիւնս քո։,զօրհնութիւնս քո։
page_0251/line_007,page_0251,0.0,0.0,24,False,ամենայն զօրութիւնք նոցա։,ամենայն զօրութիւնք նոցա։
page_0451/line_004,page_0451,0.0,0.0,25,False,"զիս ՚ի յաւիտենական հրոյն,","զիս ՚ի յաւիտենական հրոյն,"
page_0200/line_002,page_0200,0.0,0.0,26,False,"ամենայն երկիր, եւ ՚ի վերայ","ամենայն երկիր, եւ ՚ի վերայ"
page_0451/line_063,page_0451,0.0,0.0,27,False,ընդ որդւոյ եւ ընդ սրբոյ հո-,ընդ որդւոյ եւ ընդ սրբոյ հո-
page_0300/line_021,page_0300,0.0,0.0,22,False,"զեկեղեցի, հաստատեալ ՚ի","զեկեղեցի, հաստատեալ ՚ի"
page_0251/line_031,page_0251,0.0,0.0,20,False,զամենայն մեղըս նոցա։,զամենայն մեղըս նոցա։
page_0451/line_035,page_0451,0.0,0.0,23,False,սուրբ երրորդութեանդ յա-,սուրբ երրորդութեանդ յա-
page_0251/line_037,page_0251,0.0,0.0,23,False,րուեցան ամենայն թշնամիք,րուեցան ամենայն թշնամիք
page_0499/line_079,page_0499,0.0,0.0,31,False,Յերեկոյին առաջին աւետարան Մատթ.,Յերեկոյին առաջին աւետարան Մատթ.
page_0499/line_037,page_0499,0.0,0.0,31,False,Յերեկոյին առաջին աւետարան Մատթ.,Յերեկոյին առաջին աւետարան Մատթ.
page_0300/line_030,page_0300,0.0,0.0,24,False,կեսցի սէր եւ արդարութիւն,կեսցի սէր եւ արդարութիւն
page_0200/line_016,page_0200,0.0,0.0,25,False,միայն. եւ օրհնեալ է անուն,միայն. եւ օրհնեալ է անուն
page_0251/line_026,page_0251,0.0,0.0,22,False,"երկիր քո, եւ դարձուցեր","երկիր քո, եւ դարձուցեր"
page_0051/line_021,page_0051,0.0,0.0,22,False,ցուսցէ զնոսա զի յուսա-,ցուսցէ զնոսա զի յուսա-
page_0300/line_026,page_0300,0.0,0.0,23,False,առ բարերար որդիդ աստու-,առ բարերար որդիդ աստու-
page_0051/line_049,page_0051,0.0,0.0,24,False,"ցանկութիւն իմ, եւ հեծու-","ցանկութիւն իմ, եւ հեծու-"
page_0051/line_057,page_0051,0.0,0.0,23,False,իմ առաջի իմ մերձեցան եւ,իմ առաջի իմ մերձեցան եւ
page_0051/line_033,page_0051,0.0,0.0,24,False,Անօրէնութիւնք իմ բարձրա-,Անօրէնութիւնք իմ բարձրա-
page_0051/line_051,page_0051,0.0,0.0,6,False,կեցաւ։,կեցաւ։
page_0300/line_025,page_0300,0.0,0.0,22,False,րոսացըն բարեխօս ունիմք,րոսացըն բարեխօս ունիմք
page_0200/line_048,page_0200,0.0,0.0,11,False,կործանեցեր։,կործանեցեր։
page_0451/line_032,page_0451,0.0,0.0,24,False,քոց երկնաւորաց եւ երկրա-,քոց երկնաւորաց եւ երկրա-
page_0251/line_053,page_0251,0.0,0.0,24,False,"քո, եւ դարձուցեր զգերու-","քո, եւ դարձուցեր զգերու-"
page_0251/line_034,page_0251,0.0,0.0,24,False,Ալէլուիա. ալէլուիա. ալէ.,Ալէլուիա. ալէլուիա. ալէ.
page_0251/line_012,page_0251,0.0,0.0,18,False,նորա յերեսաց նորա։,նորա յերեսաց նորա։
page_0251/line_063,page_0251,0.0,0.0,16,False,մինչեւ յաւիտեան։,մինչեւ յաւիտեան։
page_0559/line_010,page_0559,0.0,0.0,9,False,յաւիտեան։,յաւիտեան։
page_0251/line_005,page_0251,0.0,0.0,22,False,ռըն երկինք հաստատեցան։,ռըն երկինք հաստատեցան։
page_0451/line_027,page_0451,0.0,0.0,26,False,"մերոյ լուսաւորչին, եւ սըր-","մերոյ լուսաւորչին, եւ սըր-"
page_0251/line_040,page_0251,0.0,0.0,16,False,րա յերեսաց նորա։,րա յերեսաց նորա։
page_0200/line_033,page_0200,0.0,0.0,23,False,Յաւիտեան հաստատեցից ըզ-,Յաւիտեան հաստատեցից ըզ-
page_0451/line_045,page_0451,0.0,0.0,24,False,արասցուք առ հայր ՚ի յեր-,արասցուք առ հայր ՚ի յեր-
page_0051/line_059,page_0051,0.0,0.0,16,False,հեռի եղեն յինէն։,հեռի եղեն յինէն։
page_0200/line_012,page_0200,0.0,0.0,22,False,"ազգք երկրի, եւ ամենայն","ազգք երկրի, եւ ամենայն"
page_0300/line_035,page_0300,0.0,0.0,21,False,նայեաց յերկրպագութիւն,նայեաց յերկրպագութիւն
page_0559/line_056,page_0559,0.0,0.0,21,False,տուածածնի երից ամացն։,տուածածնի երից ամացն։
page_0200/line_043,page_0200,0.0,0.0,24,False,"սրոյ նորա, եւ ոչ ընկալար","սրոյ նորա, եւ ոչ ընկալար"
page_0200/line_010,page_0200,0.0,0.0,23,False,քան զարեւ է անուն նորա։,քան զարեւ է անուն նորա։
page_0300/line_017,page_0300,0.0,0.0,23,False,բարերար որդիդ աստուծոյ.,բարերար որդիդ աստուծոյ.
page_0251/line_045,page_0251,0.0,0.0,21,False,ցաւ տէր զօրութիւն ընդ,ցաւ տէր զօրութիւն ընդ
page_0300/line_045,page_0300,0.0,0.0,22,False,սրբոյ. պարգեւեա յերկրի,սրբոյ. պարգեւեա յերկրի
